landmark_gene,SENP5,PLCG1,CCNC,PMVK
PSME1,0.27674842,-0.20066991,-0.24924003,-0.72325
ATF1,0.0024636388,0.09137577,-1.0821457,-1.0966
RHEB,0.19473988,0.06655,-0.07949786,-0.8957
FOXO3,-0.06173026,0.005617507,-0.026094913,0.71075
RHOA,-0.5015825,-0.30972502,0.08873716,-0.83455
IL1B,0.24767187,0.072050005,0.37900385,0.7845
ASAH1,-0.14412652,-0.10634595,0.02780135,-0.42174995
RALA,0.082547754,-0.3690613,0.21419516,-0.64909995
ARHGEF12,0.05043082,-0.13697912,0.27132455,-0.45990002
SOX2,0.07931869,0.041020807,0.7956814,0.46194997
SERPINE1,-0.014735833,0.14054684,-0.20801689,-0.36515
HLA-DMA,0.11184309,0.15092649,0.109161705,0.14005
EGF,0.2894785,0.32289404,0.6241115,1.05305
APP,-0.047445904,0.06339645,0.32054108,0.060450017
NOS3,-0.06759882,-0.19334835,0.23026787,0.88715005
CSNK1A1,0.11220093,0.27630377,-0.56887984,0.2839
NFATC4,-0.08071789,-0.062621936,0.60593015,0.16184999
TBP,0.060550645,0.35657498,-0.377043,-0.6499
BRCA1,-0.1023719,0.115150005,0.0028394908,0.27960002
PSMD4,-0.1422641,-0.6346462,-0.34642917,-0.14389998
ETV1,-0.09534029,-0.014834538,0.3276054,0.13505
TERT,0.08206046,-0.11295516,0.47745752,0.7232
EED,-0.044967547,0.16016337,0.39183378,-0.52954996
PTK2B,-0.091917574,0.03233224,0.45149782,0.64605
HSPB1,-0.23034456,0.093524985,-0.33511806,1.1423
PIK3C3,-0.05815377,0.067239754,-0.11038257,0.16489998
CBLB,0.620141,-0.27915,0.8884646,0.63725
DFFB,0.20669505,0.22936893,0.54406786,0.5068
TGFB3,0.043974288,0.019600004,0.13879395,0.016000003
PRKX,0.03412573,0.17455716,0.684698,0.85415006
CCND1,-0.5401968,0.210265,-0.8063977,0.03274998
NFKBIB,-0.15055558,-0.06047125,0.7975524,0.6792
GLI2,0.39392564,-0.32179308,0.2613998,0.15754999
PIK3CA,0.2765075,-0.047275,0.79710305,0.61245
RPS6,0.023630975,-0.050357297,-0.052091666,0.0
DFFA,-0.08356169,-0.11658394,0.23820037,0.5008
SUZ12,-1.1498132,-0.16960001,-1.4443707,0.1345
TICAM1,0.1746892,0.046937786,0.24042076,-0.37420002
EDN1,0.19397819,0.29783374,0.3522182,0.44715002
SQSTM1,-0.02586269,-0.2818594,-0.77612925,0.22625
HIF1A,-0.3610962,-0.088423036,0.036206696,0.051100016
PTGS2,0.03212565,0.14805475,0.4203118,0.39124995
PLA2G4A,-0.19943386,0.200575,0.27115124,0.17959999
MAT2A,0.1855168,0.46922806,-0.11212146,0.74865
EIF4G1,0.21795858,-0.13112727,-0.063332744,0.0291
BTK,0.06591332,-0.03702207,0.1008044,-0.19870001
MYL9,0.079402104,-0.06419167,0.38555193,0.67355
PSMD2,-0.296238,0.03374839,-0.2758167,0.36735
CLTC,-0.3073765,-0.24632147,0.33130646,-0.30229998
ALDOA,-0.5440477,-0.4601,-0.15717965,-0.61574996
STAT5B,0.2876786,0.010624766,-0.056434184,0.14335
ETS1,0.16365312,0.07624969,-0.014967438,0.49855
HSPD1,-0.080604255,-0.09340429,-0.25831407,-1.4851501
CEBPA,-0.21715064,-0.0009249989,0.12555772,-0.35895002
PSMF1,-0.026318759,0.08062499,0.6302954,1.36965
ATF6,0.31041405,-0.14053465,0.05268214,0.16250002
RALB,-0.05285138,0.17189986,-0.7561454,-0.50119996
PPARD,0.2894538,-0.052736983,0.255839,0.3315
STAT3,-0.15089083,-0.49104735,0.0,0.0076999962
DNMT3A,-0.07288983,0.029842682,0.32833046,0.4928
RASA1,0.101588786,0.13405,0.38376486,1.0045
PSME2,0.08439208,0.353575,-0.18658407,-0.83195
FGFR2,-0.11745847,0.06736856,0.4186717,0.64695
CALM3,-0.13765663,-0.17366563,0.33261833,-0.00045001507
ERO1A,-0.27890635,-0.179225,-0.36038446,-0.040149987
APOE,0.16413793,0.4235662,0.13725923,-0.062500015
PIK3R4,0.13221572,-0.12131417,0.1829098,0.24304998
CSNK1E,0.21737498,0.1559133,0.11365208,-0.3418
SKP1,-0.20970036,-0.01045282,-0.21518594,-0.1583
PROS1,0.21767819,-0.21823075,0.10242132,0.73105
PSMD9,-0.3399125,-0.29775572,-0.74977386,-0.3242
NFKB2,-0.06795102,-0.146975,0.379283,0.24715
PAK6,-0.12551638,-0.32321042,-0.21512434,-0.2338
GHR,0.2018461,0.10297804,0.7532035,0.24614999
CDK4,-0.6902096,0.01485316,0.25923246,0.2537
PRKAG2,-0.0448252,-0.020193337,0.15306628,-0.68655
PTPRC,0.0227128,0.030362438,0.61816514,1.0134
SPTAN1,0.19010338,-0.1792177,-0.67665553,0.37035
COL1A1,-0.1674232,0.13277516,-0.24467081,0.41495
CDC25A,-0.23632398,0.12799999,0.048316054,-1.0306
TP53,-0.39288938,0.105922095,0.20534852,-0.51005
EGR1,-0.016379818,0.28645897,0.2541117,0.3883
MUC1,-0.023906946,0.14478463,-0.012329917,-0.31489998
AURKB,-0.5769435,0.4276672,0.056904957,-0.20015001
NCK2,-0.14190274,0.30973795,0.114593856,-0.69799995
AURKA,-0.41700107,0.1278,-0.31977972,-0.4189
CDK5R1,0.034629755,0.20420253,0.16751912,-0.048000008
FYN,0.1924465,-0.2743014,0.10856487,0.30355
NRAS,0.2725758,0.062383264,0.12727784,0.4506
BNIP3L,-0.09360131,-0.072325006,-0.33345708,0.46920002
MMP2,-0.23072967,-0.06586467,0.17704302,0.5035
CDK7,0.17080402,0.3285845,-0.1299151,-0.25305
RAC2,0.09617545,0.14547572,-0.16746157,0.75225
HMOX1,0.67050135,-0.541625,0.43659234,0.15755
COL4A1,-0.025058163,0.000175,-0.042662673,0.16460001
ICAM1,0.02967676,0.44462502,0.18298905,-0.69625
C5,0.39306337,-0.20292205,0.45715562,-0.00999999
NFKBIA,0.09234294,0.47135133,0.1359182,-0.53139997
NFKBIE,0.0049952865,-0.005975008,0.55060744,0.79725
CCNH,0.20470744,-0.20784001,0.3098862,0.22715001
HMGA2,0.11344864,0.43139282,0.07640207,0.6577
IGFBP3,-0.063789435,-0.14528276,-0.22070839,-0.2718
FRS2,-0.08102765,0.02554128,0.76334167,0.09990001
IFNAR1,0.0487672,-0.054302283,0.54163706,0.5919
MIF,-0.32662678,-0.037013717,-0.36025006,0.21315
DAG1,-0.41254202,-0.091898106,0.20521283,-0.005300015
IGF2BP2,0.4442128,0.08322523,-0.19688144,0.22044998
ERBB3,0.1825997,-0.026362333,0.1529929,-0.3309
FZD1,0.031875096,0.29195464,0.54777956,0.67859995
PIK3R3,-0.14075235,0.04717906,0.47705972,0.34935004
TFDP1,-0.113927335,0.014694933,-0.19828752,0.067200005
SYK,0.007978402,0.063075,0.40456772,0.19659996
EIF4EBP1,-0.06027703,-0.22489852,-1.1419592,-0.4817
CCND3,-0.5392163,0.29023254,-0.14476842,0.78135
PTPN6,-0.06483973,-0.247015,-0.08715612,0.1595
DUSP4,-0.0811007,0.02882236,-0.30703235,-0.082849994
RB1,0.54306424,0.2889285,0.2816929,-0.0338
PARP1,-0.116883114,0.0074799173,-0.05055927,-0.21714999
CDK6,-0.3696137,-0.076927364,0.4141787,-0.1339
PSMB10,0.32743645,-0.11446514,-0.36484015,0.38815004
FOSL1,-0.026440945,0.102966316,0.10210905,0.33475
E2F2,0.106737204,0.090375,0.80040693,0.0025499985
CRK,-0.34800407,0.034603998,0.13462588,-0.22455001
HSPA8,-0.026016641,0.24074541,-0.9273124,-0.7435
CCNB1,-0.21161856,0.63753563,0.03272167,-0.4032
NFATC3,0.31666076,-0.14453514,0.70652443,0.22499998
PCNA,-0.15987116,0.427575,-0.6162326,-0.6765
PSMB8,-0.05971476,-0.060779776,-0.9703908,0.22395
PRKCQ,0.26404965,0.21266238,0.8635992,0.6
SUV39H1,0.29793885,0.3194707,-0.7870595,0.036
BIRC2,0.39634958,0.25454998,0.57924587,0.092700005
PAK1,0.5205235,-0.07407658,0.36994597,-0.59835
CDC42,-0.12386942,-0.4287299,-0.43962073,-1.5088
CCNE2,0.12925628,0.27350974,-0.20652789,-0.3233
SNAP25,0.118847325,-0.07950841,0.39713252,0.07745
PGAM1,-0.27979684,-0.25075483,-0.28899097,-0.42515
NCK1,0.33107346,0.016305432,0.24038236,-0.7728499
CD40,-0.27088434,-0.146225,0.3498168,0.39274997
DAXX,0.1384373,0.15669811,0.7494618,0.19369999
CDC20,-0.6942247,-0.000175,-0.64837253,-0.20320001
CCL2,-0.0012663752,0.764125,0.4844721,-0.028100014
SRC,0.17943573,0.4741687,-0.24861462,-0.21600002
BMP4,-0.0034724697,-0.022963174,0.25049505,0.71305
MNAT1,0.5368488,0.14641953,0.30219737,-0.56365
TLR4,-0.019569375,0.180908,-0.0626454,0.75395
IKZF1,-0.033236187,-0.16210026,0.91722,0.9675
EPHA3,-0.011154272,0.1331353,-0.044053987,0.28305003
CASP10,-0.08868397,0.13340247,0.76994896,0.57255
CASP7,0.39086178,-0.1327009,-0.49855605,0.2886
TGFBR2,0.10036741,-0.22407499,0.09611449,0.23674999
NOTCH1,-0.21696529,0.21146695,0.35842568,0.79185
SHC1,0.025532708,-0.095325,0.48149633,0.43065
SIRT3,0.07432773,-0.45787498,-0.059854776,-0.041500002
CYCS,0.21646804,0.12295001,0.61718804,-0.10264993
GNAI1,0.28918844,-0.32278228,0.44242865,-0.12544999
FBXO11,0.76769423,0.0022437219,0.47196642,0.53735
MEF2C,0.33647266,-0.053138345,0.9064182,1.03625
DUSP3,0.28799164,-0.19860923,-0.249045,-0.07715
PPP1R13B,0.09467403,0.1333,0.57720953,1.16145
PRKCH,-0.592362,0.037426542,0.50370616,-0.65779996
CCNA1,0.40256926,-0.11642499,0.38469577,0.74775
BAX,-0.17563108,0.12705164,0.4178388,-0.20055002
RPS5,0.032765593,0.0,0.013765842,-0.41255
SNCA,-0.089306936,-0.33208662,0.21862698,-0.14485002
CHP1,0.16007636,-0.24487427,0.2619444,0.47834998
SPP1,0.11372425,-0.14810476,0.05778378,0.3442
AXIN1,-0.066279896,0.34667394,0.13275327,0.27660003
CASP2,0.19371325,-0.03697499,0.22992001,-0.0015500039
FZD7,-0.20546131,0.20551337,0.5045823,0.93145
DUSP6,-0.06709871,0.10460906,0.40857786,0.24810001
ADRB2,-0.24918726,0.06665301,0.10416032,0.6601
MMP1,0.31516618,0.115516625,0.34037444,0.85854995
CDC25B,0.16393313,0.14184543,-1.1046379,0.0828
EPHB2,-0.05961629,-0.2002446,-0.02205868,0.60160005
CHEK1,0.02589168,0.055915747,0.37252367,-0.22814998
PDGFA,-0.08122172,-0.30887145,-0.43721396,-0.061599992
CXCL2,-0.19642529,0.13267651,0.27831277,0.5231
HLA-DRA,0.12750787,-0.13331547,0.45281917,-0.32184997
GNA15,-0.16485685,-0.06571897,0.31450626,0.20605001
RALGDS,-0.08919331,-0.32689303,-0.12751564,0.11415
SATB1,0.43654537,0.13459203,0.44148195,0.32514998
PFKL,-0.049109504,-0.38933432,-0.6838894,0.99815
GRB7,0.052644074,0.118078224,0.37885892,0.22469997
MAPKAPK2,-0.87346053,0.30139887,0.24218881,0.09219998
MKNK1,0.047958992,0.068299994,0.115734585,0.28195
HSPA1A,0.07585424,0.46885115,0.3841108,-0.65845
PLCB3,-0.13484573,-0.22758318,-0.26986694,0.32009998
PLK1,-0.32387295,0.26935577,-0.2691539,-0.62995
MYLK,-0.09629148,-0.40480804,-0.57425314,0.25385004
FGFR4,0.1704427,0.07003067,-0.0806829,0.001699999
CDKN2A,0.3494805,-0.14005606,0.28342646,0.8169
CDKN1B,0.030147612,-0.16203006,-0.030982971,-1.67865
GAPDH,-0.059008326,0.0,-0.0008425371,0.0
CISD1,-0.04075582,-0.3251964,0.11602111,0.0159
SPDEF,-0.15647359,-0.19902566,-0.07642104,0.30934998
IGF1R,-0.8389486,-0.04505664,0.15382302,0.056799993
GSTM2,0.02451069,-0.094428,-0.13078398,-0.011699975
SPTLC2,-0.059791476,-0.5137638,-0.6046711,-0.11064999
TSKU,0.25863346,-0.4679271,-0.105224736,-0.11974996
TMEM2,-0.26095742,-0.119674996,-0.16217345,0.058199994
SLC2A6,-0.4222866,0.27454615,-0.5326647,0.66415
EZH2,-0.114270076,0.34585625,-0.23833357,-0.07680002
ICAM3,-0.13219656,0.06734001,-0.45744067,-0.4532
PHKG2,0.24277967,0.0079,0.73117715,0.07079999
KDM5B,0.111177064,-0.24095201,0.698223,0.26954997
COG4,-0.17084688,-0.6266594,-0.2929515,0.15579998
MCM3,0.12060374,0.19810002,-0.24095082,-0.64935
SNX13,0.009413347,-0.27387065,0.3642098,0.23829997
PAK4,-0.57130164,-0.14461964,-0.03372392,-0.1848
DPH2,0.2357332,-0.34837973,0.51574206,1.0004
SNX6,0.016775033,-0.107025,0.13470915,0.513
WIPF2,0.8748383,0.004042797,0.34827313,0.11935
NENF,0.6836196,-1.1919754,0.23309389,-0.3165
RPN1,0.038650185,0.12630552,-0.20067158,0.20405
C2CD2L,0.11398064,0.4619282,0.21802975,0.58129996
GABPB1,-0.18422848,0.10374386,0.17850552,-0.43735
POLR2K,0.39406148,0.24468987,0.1348561,-0.93579996
PAF1,-0.28751886,-0.095840015,-0.10582514,0.032500003
POLR1C,0.2055035,-0.017562415,0.9241891,-0.34155002
RUVBL1,0.019753784,0.07515962,-0.3509568,-0.33179998
AKT1,-0.3788843,0.22714512,-0.73470205,0.73415
SENP6,0.0533646,-0.099325,0.33793038,0.4642
EBP,0.17970686,0.22645324,-0.16704682,0.015250027
CASK,-0.029691137,0.15130986,-0.497881,-0.35790002
RRP8,0.4421714,0.197375,0.51488674,0.18644997
BHLHE40,-0.09893903,-0.17775242,-0.053222314,-0.4925
BDH1,0.019778391,-0.22575729,-0.78733313,-0.3987
SH3BP5,0.08782981,-0.24340379,0.45314354,0.6682
PPP2R5A,0.14359492,-0.15913431,-0.25711733,-0.10685
EML3,-0.30678278,0.14236477,-0.36896282,0.62955
BIRC5,-0.8182287,0.4459,-0.25473464,-0.6898
EPRS,0.2946234,0.09359017,-0.06594696,0.23615
PAX8,0.021134503,0.29310757,-0.17103729,0.26135
PDS5A,0.3933425,-0.005684439,0.11752923,-0.94490004
XBP1,-0.16495337,-0.11914745,-0.92047036,0.1638
NMT1,-1.3612599,0.090225,1.1547861,0.32815
ARFIP2,-0.28405112,-0.18039551,-0.4426536,-0.26195
STAMBP,0.19755812,-0.74615103,-0.14355421,0.3408
FAH,0.32191622,-0.12007874,-0.46272436,0.0334
PLP2,-0.2354276,0.2666533,0.02916716,0.51265
SOX4,0.009396736,-0.10502387,0.021356465,-0.07474999
TESK1,-0.18846253,0.15441966,0.39583176,0.3538
HN1L,0.06253213,-0.26775444,-0.1487083,-0.5695
RRAGA,-0.15089004,-0.3266286,-0.043423735,-0.1859
ELOVL6,0.24439685,0.026889104,0.08456331,0.6486
ACBD3,-0.18461105,-0.39972225,0.13870972,-0.061150003
PMAIP1,-0.43146402,0.41160375,0.31273186,0.13225001
TWF2,-0.19670275,-0.07140471,-1.052554,0.17050001
HDAC6,-0.14849547,-0.37356645,-0.23014623,0.57095003
PXN,0.16363762,-0.11743815,0.3160539,0.58720005
PHKB,0.10066956,-0.485425,0.034281235,-0.018150002
CASC3,0.09559737,0.07772393,0.19589019,0.047750026
MLEC,0.13500078,-0.0798634,0.04313408,-0.6063
USP22,-0.7701842,-0.40929407,-1.485733,-0.1498
TMED10,0.0616194,0.25810087,0.14731386,-0.63715
CHERP,-0.051581565,0.10502586,0.10059144,0.19749999
TRAPPC6A,0.48281854,0.22227776,0.72400975,0.41619998
ATP2C1,-0.17605898,0.19776292,0.6194492,-0.19510001
USP14,0.35661447,0.044863492,-0.2858731,-0.24130002
APPBP2,0.23049062,0.18408865,0.5086848,0.16225001
ECH1,0.10512467,-0.248275,0.13450384,0.07265
HDAC2,0.0620371,0.100774996,-0.33567172,-0.8355
MRPL19,-0.24441078,0.06669555,-0.48383987,-0.52545
CSNK2A2,0.13445422,-0.019515172,0.60651296,0.44215
KIAA0100,0.2443273,-0.5990143,-0.7263184,-0.30325
PAICS,-0.18854868,-0.46102694,-0.43387485,-0.74380004
CDK2,-0.25040916,0.022961631,0.99914503,0.21845001
EFCAB14,0.08681667,0.28854316,0.66400385,0.37255
WRB,-0.36503443,-0.3389,0.119299985,-0.43135
ETFB,0.10645598,-0.8269377,-1.2928014,-0.2579
CAMSAP2,-0.06236265,0.019904912,0.06858631,0.2708
ARNT2,-0.34026963,0.33254033,-0.045207754,0.23755
SPAG7,-0.21386664,-0.12604095,-0.2887711,-0.28425
MAPK1IP1L,-0.36673287,0.0028108023,0.67391104,-0.09285
MSH6,0.33600196,0.15762778,-0.43020597,0.027999997
UBE2C,-0.2382805,-0.13987362,-0.33950493,-0.79525
HS2ST1,0.3756498,-0.07846277,0.83997846,-0.16535
TXLNA,-0.027139056,0.13608232,0.13026927,0.89390004
DNAJB1,-0.13859528,0.5657357,0.06629867,0.39205
TOPBP1,-0.0761625,-0.07987426,0.31283864,0.44025
ABCF1,0.15149632,0.3805895,0.5441611,0.94235003
LGMN,-0.107101284,-0.10073416,0.4989197,0.022799999
MBTPS1,-0.12729743,-0.5818634,0.123985365,0.12555002
ZNF274,0.24533203,0.4547581,0.29222995,0.62465
CLIC4,-0.45993108,0.0074593425,-0.28027695,-0.16094999
HSD17B10,-0.20770836,-0.13317925,0.45165086,0.039899997
STX1A,-0.066866286,0.009600003,0.014512325,0.76884997
CCNA2,-0.35271716,0.12780437,-0.42029792,-0.66585004
SDHB,0.16309953,-0.11404752,-0.55670977,-1.2687
FOXO4,0.46590248,-0.09673444,0.64057815,0.46074998
TOMM34,-0.20182768,-0.30944198,0.03164342,-0.40945
KIAA0907,0.89059335,0.090792075,0.7317679,0.14275
HK1,-0.68276197,0.058225,-0.38982052,-0.106050014
PAPD7,-0.092860445,-0.2993176,0.11851542,0.73144996
PLOD3,-0.09295207,0.018493565,0.16767322,0.46864998
TRAK2,0.21235804,0.08326078,-0.6107397,-0.028449982
VAPB,0.2977515,0.155075,-0.49740553,-0.64594996
BUB1B,-0.34498617,-0.18356533,0.5201522,0.58025
MRPL12,0.39531368,0.18200698,-0.68326616,-0.6585
PNP,-0.3379346,0.03551704,-0.19627292,-0.81075
USP1,0.06568962,-0.045957524,-0.3595029,0.07395002
RPA1,-1.686755,0.029650006,-0.35344496,-0.60275
KLHDC2,-0.119402125,0.153725,-0.2531622,-0.0146999955
SCARB1,-0.72808677,-0.4004895,-0.519524,-0.08215001
TPM1,0.35018796,-0.059614103,-0.72005194,0.48690003
TM9SF2,-0.29373115,0.025124997,0.61039877,-0.0050500035
NUP88,-0.014547288,0.29983747,-1.0726405,0.80675
FUT1,0.14088443,0.064106025,0.39772877,0.09890002
PRUNE,0.017517213,-0.54842436,0.5629391,-0.6405
SYPL1,-0.26124954,0.187175,-0.048400484,-1.3274
ZNF451,0.24790406,0.17932835,0.54108244,-0.4415
TRIM13,-0.035624072,-0.36888513,0.9231712,0.35540003
FBXO7,-0.019222638,-0.11403069,-0.11838572,0.2089
ENOSF1,0.56446105,0.22594488,-0.31614634,0.18335
LIG1,-0.20031539,-0.16297078,-0.42437625,-0.62615
GNB5,0.42989582,0.027299568,-1.1710097,0.49
INSIG1,-0.36574966,0.14668685,-0.40466106,0.55075
HIST2H2BE,0.15391952,0.13579366,0.50381255,0.7283
S100A4,0.31185782,-0.132525,-0.24631241,-0.15380001
KTN1,-0.1407818,0.079789326,0.45715874,-0.29775
ARHGAP1,-0.11309153,-0.09981376,0.41295668,-0.08525
LPAR2,-0.41257322,-0.10627578,0.18697228,1.00065
COASY,0.031204777,0.043696802,-0.72290444,-0.4785
ATMIN,0.29964787,-0.005299531,0.947042,0.2606
CASP3,0.23741895,0.08021005,-0.04288545,0.055750005
NISCH,-0.10160187,-0.26168746,-0.18421178,-0.0031999946
CPSF4,0.23837668,-0.16525249,0.86705863,-0.69455004
COPB2,-0.34118214,-0.60772383,-0.3135169,0.09805
GADD45A,0.18190864,0.0078482665,0.49674657,0.6153
SMNDC1,-0.055249613,0.55901575,1.518096,0.38105005
NUDCD3,-0.06940991,-0.43584102,-0.5965922,-0.51705
HMGCR,0.2529554,-0.05716931,0.37602705,-0.573
SLC35B1,-0.2305057,0.17877501,0.13570839,-0.65115
TIMP2,-0.31079882,-0.2987761,-0.23153809,0.68369997
LSM6,0.25617382,-0.023649994,-0.9871354,-0.73175
SACM1L,0.27422452,0.171125,-0.70155996,0.16975
TCERG1,-0.04119533,0.29972622,0.0061337203,-0.68105
KIAA0196,0.2748678,-0.25905877,-0.10041244,0.5849
DNM1,-0.114485964,-0.043738976,-0.9565599,0.25475
DDIT4,-0.3311512,0.26899976,0.034899846,0.23214999
ALAS1,0.07226983,-0.25906318,0.18676794,0.53625
PAFAH1B1,0.025333814,0.15626472,-0.13883343,0.4305
PSRC1,-0.2750283,0.15896536,-0.1111726,0.30719998
RBM15B,-0.19637159,0.39805,0.29583746,0.18455002
TOMM70A,0.32092953,-0.17985952,-0.48804623,-1.2005501
CBR1,0.31073707,0.35046637,-0.64859796,-0.005649999
PRKCD,0.044879153,-0.19961557,-0.4618988,-0.5586
JUN,0.33201092,0.19655503,0.3250618,0.141
TMEM50A,0.7087774,0.3050283,0.24454334,-0.41335002
SCCPDH,0.0015193038,-0.39682454,-0.08535448,-0.87745
TSC22D3,0.5473759,-0.4824761,0.8718121,-0.1393
TFAP2A,-0.019164069,-0.10156527,0.4245407,-1.2898
ZNF395,-0.1394182,-0.11107169,0.27305216,-0.0030499995
VPS72,-0.14591575,-0.016659714,0.09140314,0.5065
CLSTN1,-0.2498124,-0.17955509,-0.18601853,1.20215
MAPK9,-0.47531408,-0.07269544,-0.04330292,-0.3747
POP4,0.2891534,0.2343212,-1.0642653,-1.22735
NFE2L2,-0.1623753,-0.11490482,0.11220248,0.5716
BLCAP,-0.2956242,0.03866197,0.38923025,0.11535
FAM20B,-0.026681207,-0.12914178,0.21873885,0.65064996
CRKL,-0.4327088,-0.3276006,0.56089866,0.31135
ZNF318,-0.14563909,0.42201805,0.037163675,0.73864996
FDFT1,0.16043176,-0.43210602,-1.016471,0.26099998
TRAP1,0.3930061,-0.0054301023,0.32004252,0.55135
GTF2A2,0.49370825,-0.43541932,-0.11786007,-1.0887
MTFR1,-0.047722064,-0.03107011,0.7168376,0.6378
UBE2A,0.50003874,0.3184807,0.3549868,-0.18094999
NIT1,-0.12636395,-0.18302055,0.29807615,0.15605
SYNGR3,-0.35011175,0.3203296,-0.24790782,-0.14645
STK25,0.29525936,-0.27834845,-0.95638025,-0.17285001
ABCF3,0.044997413,-0.21037148,0.096959285,0.44329998
FCHO1,0.20807822,0.008078858,0.21335205,1.0914
OXSR1,0.007696599,-0.09752501,-0.2566898,0.8644
SMARCC1,0.18616861,-0.03294625,-1.0972018,-0.05035001
GLOD4,0.048799306,0.033561744,-0.19859885,-0.18689999
IL4R,-0.41548258,-0.3508796,0.06420759,0.2441
KIT,0.2352747,0.591625,0.7176395,0.33555
PSMG1,0.09208605,0.078922175,-0.114568055,-0.66295
TMEM97,0.10620447,-0.07044999,0.20597263,0.0018000007
LRRC41,-0.04248971,-0.21374743,0.28922203,-0.25024998
KIF1BP,0.08097421,-0.69096893,-0.32300422,-0.69595003
TCEAL4,0.23968609,-0.28761214,-0.19986442,0.44625
NUP133,0.54849625,-0.35205,0.13859448,0.41305003
NUP62,0.113317795,-0.04946468,0.14230283,0.10870001
MALT1,0.09239346,0.39969403,-0.16578645,-0.2155
YKT6,0.12198389,-0.4029,0.1708482,-0.46025002
KIF2C,-0.29206437,-0.007084796,-0.30417356,-0.5928
NNT,-0.09633024,-0.31432083,-0.055768356,0.36475
IQGAP1,-0.038550097,-0.20909888,-0.16832007,0.13409999
HSPA4,-0.0972295,0.1651054,0.51571393,0.3528
TOP2A,-0.07783589,0.060538616,-0.54314226,-0.81794995
B4GAT1,-0.4241801,-0.25975436,-0.59006333,-0.59319997
SCP2,-0.08922647,-0.6241571,-0.45215008,-1.0187
RAD9A,0.33622938,-0.41203636,0.20190293,0.4076
DRAP1,-0.47412613,0.09182739,-1.0444267,0.3574
PCMT1,-0.048988752,0.20212498,-0.7337092,-0.2156
MYC,0.33236724,0.50411725,-0.50511736,-0.8005
POLB,0.03601994,0.55641663,-0.18559144,-0.013250008
CETN3,0.22802696,-0.3200022,-0.17040358,-0.4158
SMC4,-0.3110502,0.19779898,-0.6998217,-0.11919999
SMARCD2,-0.00983512,0.09424322,-0.024017304,0.17275
MPZL1,-0.017784387,0.32310504,0.09562747,-0.52905
EBNA1BP2,0.074486166,-0.002724994,-0.086840376,-0.41050002
TATDN2,-0.21134591,0.071531564,-0.0791301,0.093600005
LRPAP1,-0.05748181,-0.56913716,0.151654,0.31245
TBPL1,0.10358851,-0.16464274,0.3801337,0.36615002
RAE1,-0.2611364,-0.053818844,0.66357577,-0.31994998
CDK1,-0.24391913,0.17443416,-0.10950664,-0.90405
SLC35A1,0.45326713,0.09674947,0.64703125,0.2911
NIPSNAP1,0.4306195,-0.257938,-0.40619075,-0.40429997
BCL7B,-0.10565786,0.062652156,-0.5889853,0.2186
TIMELESS,-0.37445146,0.2306,-0.78254455,0.329
DHX29,-0.012148257,0.27416226,1.0444865,-0.18689999
TCEA2,-0.15848452,-0.12061231,-0.15156013,0.10129999
FHL2,-0.50218064,-0.014111757,0.050016608,0.68619996
FKBP4,-0.16999616,0.2724019,0.0008420844,-0.10295
KAT6A,0.3801856,0.08547963,0.0293113,0.35245
MAP3K4,-0.30189398,0.02880001,-0.41229856,-0.3445
ZFP36,0.07414489,-0.02077094,0.5654992,0.16055
INPP1,-0.3462042,-0.040302902,-0.4273538,-0.3402
EPB41L2,-0.41852814,-0.38546985,-0.52321404,-0.4208
GNAI2,-0.13540687,-0.23731524,-0.3650551,-0.050349995
TSTA3,-0.76440585,-0.5602372,-0.42713526,-0.28505
DNMT1,-0.32757062,0.32287592,0.36758053,0.60749996
RAB27A,-0.3712921,-0.06045892,0.39758712,0.393
DDR1,0.20710047,-0.24983928,0.19181588,0.42139998
LPGAT1,-0.3910246,-0.08862501,-1.0281211,-0.030249983
DUSP11,0.1282947,0.07253631,0.44362795,0.47340003
TP53BP2,-0.27032256,0.26625,0.29514733,-0.0582
CDKN1A,-0.23623674,-0.086474985,0.13293011,-0.33830005
TJP1,-0.27860355,-0.07630501,0.443075,0.14375001
ABCB6,-0.17187157,-0.17950425,-0.52367723,0.7611
MTHFD2,-0.17001492,0.32225,0.37485135,-0.16765
PRAF2,-0.097956225,-0.058045894,-0.2941012,0.74255
DNTTIP2,-0.036122493,-0.085100524,-0.53037,0.44225
HTATSF1,-0.0007940121,-0.13674712,0.044391252,0.123050004
NCAPD2,-0.18465456,0.23050596,0.34514782,0.22705
TMEM109,0.0013630651,-0.29716182,-0.3469963,-0.38239998
NUP93,0.12728648,-0.24720311,0.45301265,-0.34280002
PLA2G15,-0.20147467,-0.18933655,0.1607981,0.2018
PIP4K2B,-0.35607916,0.119975,-1.1533997,-0.66315
MYCBP2,0.18966112,-0.13184999,0.43170804,0.31515
PGRMC1,-0.07235057,0.16484241,-0.49091265,-0.365
AARS,0.2954425,0.24375,0.7829116,0.38189998
GPC1,-0.12171617,-0.058821328,0.676256,0.54005
ELAC2,0.1876515,-0.17776199,-0.69436127,0.26610002
PLSCR1,0.33589214,0.17472452,0.7589951,0.67005
CTSL,0.031184006,-0.1549735,0.23058102,-0.49395004
CTSD,-0.20750415,-0.42264047,0.14034748,0.1419
ARHGEF2,-0.013403159,-0.17905,0.47356772,-0.36885
ILK,-0.44565088,-0.8472992,-0.36453396,-0.2847
NFIL3,-0.36499807,0.33583584,0.36811617,-0.56025
ARL4C,-0.36735156,0.03958766,0.29949337,0.6836
CPNE3,-0.16902067,0.21860927,-0.41832805,-0.04155001
SCRN1,-0.31438538,-0.065904595,-0.179008,-0.15665
MAN2B1,-0.07687783,-0.5447467,-0.3228537,-0.38795
DCTD,0.061853115,0.2818106,-0.28710595,-0.88600004
MBNL1,-0.24207008,-0.0068493355,-0.91306925,-0.51625
MYCBP,0.04685276,0.06634445,-0.29206702,-0.88245
PTPN1,-0.29672107,0.045151405,0.679435,0.51075
MPC2,-0.014010016,0.0012999922,0.057504423,0.2181
ECD,0.24561715,0.010277428,0.4499062,-0.7156
CIRBP,-0.063928746,-0.40762344,0.26087388,-0.1929
PRSS23,-0.121385455,-0.21911764,-0.21169296,-1.1473
P4HA2,0.046321258,-0.10412499,-0.7278607,0.22795
ATP6V0B,-0.47353745,0.06819135,-0.31584245,-0.80670005
CAPN1,0.1894483,-0.005915221,-0.57916784,0.75695
STXBP1,0.1567297,-0.7304772,-0.5119699,0.19590002
ITGB5,-0.78990436,-0.013937414,-0.40225142,-0.046249986
SLC11A2,-0.83410364,-0.052315146,1.0349483,-0.59025
PDIA5,0.23716709,-0.3785212,-0.2385384,0.73995
RAP1GAP,0.19628744,-0.1814984,-0.43331075,0.32295
NOLC1,0.1814546,0.21265,-0.15360674,-0.76555
CAT,0.33726156,-0.21788925,0.3924852,0.37870002
DUSP14,0.026180178,0.110253856,-0.5620395,0.26455003
TRIB1,-0.18770006,-0.14596467,-0.07264705,0.51155
TP53BP1,0.100496836,-0.34465003,0.24219826,0.32860005
BECN1,0.3294195,-0.4556931,-0.28563398,-1.12625
KDELR2,-1.002315,0.012153108,-0.7762598,-0.56845003
ELAVL1,-0.008825995,0.17558868,-0.2647324,-0.15475
IGF2R,-0.4967388,0.03571543,0.048231207,0.38244998
TIPARP,0.264547,-0.012738269,-0.14600432,-0.054700002
CRTAP,0.24696769,-0.32490796,-0.82936466,0.10509999
GMNN,-0.0831563,0.38314998,0.7269294,-0.291
CYTH1,-0.35559177,0.36278817,-0.07214165,0.043199956
PRCP,0.5411118,0.13551849,0.9172053,-1.187
SMARCA4,0.115716815,0.00072146393,0.16456759,0.41294998
PYGL,0.23217598,-0.490675,-0.71206,-0.0564
RPA2,0.0006598141,0.1498129,0.53587896,0.22814998
GTF2E2,0.29595587,-0.15883373,0.33332354,-1.47085
ANXA7,0.64976025,0.09243728,-0.22740546,-0.3656
TXNRD1,-0.19892384,0.203275,0.075274795,-0.4213
CRYZ,0.13489719,0.36214644,-0.5106955,0.43985
GAA,-0.13383785,-0.316253,-0.49721348,-0.009850003
SKIV2L,-0.15711333,-0.120453484,-0.21051025,1.0695
BLMH,0.27058738,0.05207809,-0.89774257,0.013600007
RRP1B,-0.25680754,0.028468713,-0.48238453,-0.08755
TSPAN3,-0.20514083,-0.15450847,0.3864103,-0.67770004
KEAP1,-0.5466963,-0.5206568,-0.08923304,-0.0808
SMC3,0.08378485,0.11241805,0.52789277,0.345
LBR,-0.47085696,0.12624809,-0.8839922,-0.9889
PPIE,0.15319583,-0.13793772,0.0054067895,-0.2723
TERF2IP,0.10667825,-0.09087499,0.003676679,-0.16109997
BNIP3,-0.18804051,-0.21874431,-0.49546134,0.008299999
BCL2,-0.2964517,0.3390244,0.034959562,-0.02935
RBM6,0.058810387,0.081697315,-0.105874516,0.09009999
CSK,-0.9441123,0.1107662,0.41035038,0.25935
ALDOC,0.32084247,-0.16525987,-0.124976434,0.23085001
UBE2L6,-0.215866,-0.05503186,0.22683513,0.02974999
PCBD1,0.29212475,0.011932336,-0.04919301,-0.9169
ICMT,-0.043012448,0.25176597,0.019353794,-0.23795001
GNPDA1,0.6084824,-0.055946272,0.44036198,-0.19139999
NUCB2,-0.26971322,-0.12117499,0.00021093339,0.43575
RSU1,0.07976459,0.2699287,-0.2696777,0.18700004
PTPN12,0.30370796,0.038240492,-0.48141193,-0.51205
PCK2,0.4327778,0.3408402,0.22474429,0.30835
GFPT1,-0.4884814,-0.1866512,-0.6207219,-0.6162
BLVRA,-0.3453431,0.20164779,-1.5723358,0.2694
S100A13,-0.006933097,-0.09596458,-0.34940428,0.25980002
MYBL2,-0.75942934,0.0076249987,-0.093400806,-0.19305
STX4,-0.21264395,-0.17206052,0.14359903,0.34055
TMCO1,0.017879292,-0.1923276,-0.7890034,-1.09765
CCDC85B,0.19729555,-0.346775,0.08689115,0.67904997
DDB2,0.3685457,-0.13800591,-0.34703723,0.03185001
BAMBI,0.3741418,0.38539428,0.43013275,0.49580002
HADH,-0.21766514,-0.06407412,-0.17509307,-0.6086
GLRX,-0.008269866,0.24885473,-0.98650277,-0.0224
MVP,-0.15883932,-0.60398126,-0.1949853,0.2621
STMN1,-0.13729456,0.15710452,-1.139323,-0.5965
GALE,-0.28046954,-0.45953876,-0.46803987,-0.16399997
PTPRF,-0.23109621,0.07995001,0.5712637,1.08725
PGM1,0.19003478,-0.21309699,-0.77231014,-0.281
LOXL1,0.09440299,-0.07865,-0.14093576,-0.6095
MYO10,-0.2432841,-0.15175,0.38258043,0.1447
LIPA,0.6130435,-0.18587086,-0.29432857,-0.11675
PHGDH,0.6388446,0.14195426,-0.21911107,-0.08425
ST7,0.47876966,0.114033125,-0.05934058,-0.4105
IKBKB,0.60741794,0.08035353,0.22683686,0.17130001
PCM1,-0.03570154,-0.5287915,-0.02411016,-0.5381
IER3,0.0069366377,0.30652025,-0.6584188,0.7299
FAT1,-1.0376947,-0.31719902,0.03168886,-0.28405
RNMT,-0.208357,0.09916195,-0.6206731,-0.4405
EGFR,-0.253622,0.46095273,-0.33265287,0.5965
NET1,-0.20183405,-0.025952071,-0.19062829,0.062299997
DECR1,0.17882043,-0.073128626,0.20643947,-0.047549993
NPC1,0.32873967,-0.17637499,0.25610694,-0.4513
MEST,-0.19350721,-0.05963473,0.16719198,0.32935002
PAFAH1B3,-0.30130422,-0.15990464,-1.1970963,-0.442
CALU,-0.08693434,-0.23790064,-0.65549016,-0.15900001
LGALS8,-0.545593,-0.197675,-0.09519328,0.4407
LRP10,-0.6460049,-0.2999467,-0.7273583,-0.16215001
ATP1B1,0.3590659,0.11737972,0.56149113,-0.63629997
OXCT1,-0.173621,0.005399991,0.21871069,-0.0079
SLC25A4,-0.29007924,-0.31902498,-0.12513289,0.2473
ASCC3,0.23718673,-0.26941615,-0.57033455,-0.5139
TRAM2,-0.28811306,-0.22884454,-0.42442286,-0.19875
PYCR1,0.14071548,0.32449073,-0.24636768,-0.625
NCOA3,-0.09895241,0.058759775,0.18262464,0.8344
POLD4,0.01240609,-0.5465896,-0.5440532,0.0537
PRKACA,0.030192442,-0.22107294,0.35082075,-0.29329997
LYRM1,0.44604418,-0.33983994,-0.43933436,-0.25985003
VDAC1,0.72672474,-0.2394526,-0.4691075,-1.0483
SORBS3,-0.3435914,-0.22489199,-0.8004701,-0.3527
SPAG4,0.34395027,-0.5129689,-0.2042853,0.21074998
SLC5A6,0.08938432,0.12551294,0.37430328,-0.23789999
RGS2,-0.24483007,-0.08228112,0.15672703,-0.26165
SCYL3,-0.15647276,-0.114208475,-0.29747725,-0.07960001
TBX2,0.14191595,0.42166495,0.8767722,0.79055
DNAJA3,-0.27529457,-0.22577792,0.00028571326,0.0
DCUN1D4,0.28702933,0.08107499,-0.2961923,0.16080001
DYRK3,0.12217328,0.14922209,0.5890411,0.18214999
POLG2,0.017733663,-0.15268363,-0.040184673,-0.15495002
TRAPPC3,0.35519052,0.13248792,-0.82188183,0.484
TCFL5,0.33718908,-0.30690002,-0.30114317,0.19205
RBM34,-0.05914832,-0.12680736,0.25747508,0.4687
ITGB1BP1,0.15782551,-0.756377,-1.5282936,-0.5711
ACLY,-0.14184375,0.07252821,-0.23217392,0.2123
RAD51C,-0.082966805,0.20643789,0.3349831,0.10825002
SMC1A,0.25704956,0.2754928,0.10582568,0.18639998
YME1L1,0.043486305,-0.14272548,-0.21849217,-0.62724996
ACAA1,0.16279316,-0.55345595,-0.117818326,0.27875
WFS1,-0.3817836,-0.024279444,0.42404106,0.20115
UBE3B,0.15708031,-0.046142276,-0.07037884,-0.39515
NPDC1,-0.27018794,-0.6875372,-0.037688777,-0.1852
ALDH7A1,-0.03221256,-0.13322559,0.17336984,-0.042599976
POLR2I,-1.01416,-0.040244058,-0.042718742,-0.44625
AKAP8L,0.22942524,-0.015917068,0.35669625,0.06259999
PLEKHJ1,0.17235985,-0.04802081,-0.23020437,0.2643
HAT1,-0.09907566,0.0040374547,-0.23210374,-0.9683
G3BP1,0.13518013,-0.34649032,-0.46001598,-0.1413
TPD52L2,0.20240436,0.15477511,0.0086146295,-0.14335
PIH1D1,-0.12745069,0.20427418,-0.28235793,-1.1642499
SHB,-0.18762875,0.012711521,0.20843568,-0.1886
UTP14A,0.1888706,-0.26192343,-0.07188523,-0.015249968
TSEN2,0.5121231,-0.16325,0.31955135,0.014699981
LYPLA1,0.16605113,-0.11722017,-1.2245117,-0.66295
MAP2K5,0.108806096,0.11647968,0.54775465,0.32035
PUF60,0.1962168,-0.5541636,-1.0047698,-0.44305
DHRS7,0.19290161,0.0798699,-0.011556886,-0.082949996
ARID5B,0.27911744,0.23717165,0.607394,0.24444999
IGHMBP2,-0.11762702,-0.04409616,0.18127075,0.2552
ADO,0.36930263,0.12380098,0.06691961,-0.52320004
TCTN1,-0.12862961,-0.22195497,-0.012015652,0.44365
AKR7A2,0.06449865,-0.58542496,-0.1905015,0.55025005
PPP2R5E,-0.08352849,-0.4235404,0.16953918,0.42405003
LAMA3,0.34971553,0.008210495,0.07055643,-0.416
FEZ2,0.094177976,-0.157764,0.082848065,-0.38155
IKBKAP,0.1277042,0.16956125,-0.14429198,-0.77875
SGCB,0.14233677,0.19286186,-0.10154098,-0.76465
ENOPH1,-0.012693115,0.26967502,-1.5236564,-1.06925
CNOT4,0.5747905,0.2502,0.7567767,0.14745
JMJD6,-0.16072851,0.2986733,-0.2546591,-0.10825
SLC35F2,0.37252134,0.160925,0.06864261,-0.703
ANO10,-0.09151663,0.2531565,-0.56258345,-0.23689997
STUB1,-0.76763856,0.06781413,-0.63360775,-0.34465
BAD,-0.1628323,0.10118491,-0.59623885,-0.0019499958
PSMD10,-0.0036069767,0.096925,0.404836,-0.56145
RAB11FIP2,0.33599812,-0.031812444,0.22460273,0.5823
FPGS,-0.08225016,-0.456061,-0.37153575,0.0318
RNH1,-0.08044511,-0.009945422,-0.2471995,-0.13255
ATG3,0.49000996,0.008960217,-0.059351623,0.2457
CFLAR,0.20695929,0.21321714,0.18624818,0.0564
HEATR1,0.32919982,0.110807225,-0.075311944,0.09365
WDR7,0.17488915,-0.06517014,0.4096216,0.29985
AKAP8,0.2716576,-0.016683709,0.35467,-0.09989998
SLC1A4,-0.21158889,0.2556,-0.106213644,-0.3152
GRWD1,0.15035564,0.004081346,0.054193705,0.46815002
STAT1,0.061091077,-0.27170944,0.35638282,-0.45615003
FOXJ3,0.5440915,0.12173709,0.16530707,-0.24785
MTERF3,0.17017362,-0.14505,0.50709325,-0.04214999
CHIC2,-0.43047026,0.18439363,0.17495483,-1.0141001
USP7,0.046730403,-0.08909483,-0.534265,-0.20705009
NOSIP,-0.28463078,-0.16997586,0.38061988,0.21555
DLD,-0.16331868,-0.5003151,-0.45241106,-0.64265
IDE,-0.04119545,-0.25585,-0.2171827,-0.90459996
PRPF4,-0.0804988,0.24421522,0.5589742,-0.28045002
MELK,0.42611408,0.3416244,-0.1718596,-0.5547
SMAD3,0.022625908,0.07930614,-0.1803001,0.20089999
OXA1L,-0.10466573,-0.51448596,0.0074275285,-0.2403
SNX7,-0.116601065,-0.19317162,-0.03769067,1.0213
CDCA4,-0.0030473024,-0.3405983,-0.033855967,-0.3965
TBC1D9B,-0.078097105,-0.05711886,-0.46814165,0.09835005
NARFL,-0.027123027,-0.106675364,0.39694175,0.92835003
DDX42,0.35182077,-0.3674821,-0.10016008,-0.1857
IKBKE,-0.037155412,0.5674185,-0.049495213,0.4734
WDTC1,-0.11589874,-0.2707193,-0.17738461,0.17245
PLSCR3,0.21005586,-0.061314423,-0.25710374,0.09790003
H2AFV,0.02814509,0.22846872,0.3445079,-0.28544998
NUSAP1,-0.09532078,0.27216452,0.30581462,-0.55265
FAM69A,-0.24692437,0.017585408,0.35213763,0.21445
XPO7,0.44880986,-0.2783967,-0.009282103,0.11625
FAIM,0.28144854,-0.024184795,0.43223315,0.62
PXMP2,0.039838605,0.029923828,-0.23393634,-0.53824997
TIMM17B,-0.34915626,-0.056819037,-0.2135925,0.957
STXBP2,-0.039484344,-0.48852473,-0.5369561,0.39419997
HPRT1,-0.3758443,0.25932518,-0.35486257,-0.6993
RRS1,0.26745522,0.22780573,0.14107458,-0.687
ADAT1,0.27386415,0.057186373,0.5387815,0.52205
SCAND1,-0.21244988,-0.6512549,0.12403235,-0.47504997
MFSD10,-0.089614645,-0.29942977,-0.42172125,0.30539998
COPS7A,0.2625162,-0.38354895,-0.16734502,0.07285
FIS1,-0.021398185,-0.7438574,-0.34504935,0.35035
NUDT9,0.5177249,-0.02495747,0.2456322,-0.47405
CSRP1,-0.16968557,-0.5322584,-0.18546641,0.21565
METRN,-0.14665097,-0.34839976,0.35768107,-0.14829999
TCTA,0.053299226,0.154275,0.63584703,-0.40045
TLK2,0.22484033,-0.039000668,0.31897068,-0.77775
KIAA1033,-0.09496934,-0.07565002,-0.49904126,-1.1527001
DNAJB6,-0.1597896,-0.04908003,0.17663725,0.7156
HMGCS1,-0.01821272,-0.6282695,-1.3901789,0.37085
SPRED2,-0.023828339,0.14071995,0.6470226,1.29735
MAP7,-0.25078535,-0.145425,-0.20700629,-0.56565
CHAC1,-0.08865343,-0.32835,0.19318792,0.33295
GNAS,-0.0868693,-0.14079201,0.1508815,-1.13385
TEX10,0.3466872,0.4360158,0.46611246,-0.3019
ZNF586,0.0085408995,-0.099882476,0.68730575,0.1715
APBB2,0.08979575,0.104875,0.24072781,0.62275
RNF167,0.17776307,0.10485613,0.19526103,0.16465001
TXNDC9,0.05422227,-0.4570192,-1.4496527,-0.58739996
VGLL4,-0.5347836,0.16527557,0.37017667,0.35729998
YTHDF1,-0.05731633,0.17659076,0.4443534,-0.52180004
LSM5,-0.1725313,-0.02490849,-0.4839163,-0.16830003
ZMYM2,0.23415668,-0.12023914,0.034557372,0.45450002
CHMP6,-0.17788085,0.05759292,0.11132764,0.12455
PIGB,0.42435753,0.061174996,-0.24648163,0.019950002
CHEK2,0.27004883,0.088762164,-0.15541564,-0.74575
ACD,-0.25760254,-0.04307484,-0.03949446,-0.20295
SUPV3L1,0.0032148361,-0.17266513,0.18593296,0.50090003
GPATCH8,0.13799883,0.6160442,-0.07165811,-1.0776
ARPP19,-0.36990473,0.045771662,-0.13841107,-0.6318
RTN2,-0.17746097,-0.3890195,-0.17499788,-0.43099996
NPEPL1,-0.07156427,-0.18754834,0.09939816,0.4817
UBQLN2,-0.0762263,0.28494015,0.7039834,0.90985
DMTF1,0.09892945,0.13342004,0.28958988,0.060900003
CLPX,-0.30107772,0.4312416,0.5208597,0.037750006
TXNL4B,0.13952386,0.27425727,1.2762169,0.5887
PRR15L,-0.09058882,0.2511896,0.5332372,0.5595
ST6GALNAC2,0.15277267,-0.05119049,0.051171005,0.74045
ADH5,-0.17897092,-0.21236826,-0.26716202,0.22254997
GOLT1B,-0.8998765,-0.053137943,-0.8643671,-0.39090002
PPOX,0.20484501,0.29819226,0.7159513,1.15485
CANT1,0.026816685,0.2585088,-0.6922054,0.6745
HOMER2,-0.2602403,0.33585,0.08536121,0.27965
CLTB,-0.34707013,0.008582629,-0.86532897,-0.26795
PHKA1,0.16589974,-0.016999999,0.2706071,0.3811
MAP4K4,0.25883055,0.053474996,-0.24433827,0.4657
PAN2,0.28610292,-0.09503533,-0.02909568,0.44169998
PPIC,0.38813144,-0.101662636,-0.13043025,0.15775001
EIF5,-0.6610797,-0.03228447,0.47495344,-4.72615
TM9SF3,0.23395735,-0.26453608,0.031737417,0.7695
CCDC86,0.0014528148,0.3327302,-0.24789165,-0.9814
SLC25A14,0.13234375,0.24068522,0.1566276,0.30085
TBXA2R,-0.13293299,-0.14871693,0.57682705,0.58495003
HERPUD1,0.19130355,0.30593514,0.45560354,-0.56285
RPL39L,0.0753036,0.34205627,0.1692515,0.38565
BPHL,0.5527318,0.061422817,0.7537805,-0.28195
MAPKAPK3,0.19257177,-0.10562748,0.056858875,-0.12810001
MBOAT7,-0.3365566,-0.42788577,-0.38375753,-0.20475003
PNKP,-0.1905209,-0.2735,0.16163146,0.61605
SLC35A3,0.4687363,0.23293097,-0.09239906,-0.55645
LSR,-0.062257364,0.13258779,0.06691442,0.67085004
KDM5A,0.11118895,0.30852228,0.10932465,0.78745
FAM63A,0.30674317,-0.2014668,0.27328035,-0.28109998
RAB4A,0.19700237,0.24618706,-0.0691523,0.29995
IFRD2,0.31343132,0.20855817,-0.19286051,-0.92725
BACE2,0.41983157,-0.05418332,-0.28196007,-0.24019998
LYN,0.10810009,0.014499992,0.20016932,-0.1334
ISOC1,0.038741566,0.30612567,-0.30961266,0.05069998
MOK,0.18873446,0.0049250005,-0.07216642,0.20605004
DNAJB2,-0.039457347,0.033433907,0.4075694,1.00735
CERK,-0.2823855,-0.26164514,-0.33256423,0.79219997
LAP3,0.2076842,0.07747501,0.2677911,0.4467
MAPKAPK5,0.4254112,0.15317357,0.26254672,0.5304
HDGFRP3,-0.03129556,0.4796365,0.4343906,-0.96995
RAB21,-0.05966178,0.023133561,0.81778836,-0.44189999
PSIP1,-0.16770634,0.15608117,-0.0205719,-0.3485
CREB1,-0.11338653,-0.033417247,0.43512207,0.011249989
MBNL2,0.61541384,0.21576498,0.075305335,0.0316
PACSIN3,-0.048269156,-0.17317641,0.030247262,1.8332
MTA1,-0.024956334,0.16090581,-0.25257856,0.030599996
MACF1,-0.2028836,0.06281885,-1.2104279,0.089600004
HIST1H2BK,-0.15057859,0.066534266,0.7943586,0.0714
PCCB,-0.47137207,-0.14825425,-0.052569825,-0.24784997
STAP2,0.3211273,0.2906515,0.21897689,0.3402
PMM2,-0.05597584,-0.17013787,0.349335,0.1742
HSD17B11,0.19611481,0.25053287,-0.010520552,-0.8865
FBXL12,0.12570897,-0.03792499,0.7488518,1.68295
WDR61,0.02444347,-0.297225,-0.8261376,-0.41955
FAS,0.27064815,-0.19778244,-0.37729856,-0.97595
CENPE,-0.16284704,0.1867492,0.2053683,0.6865
CREG1,0.45346123,0.04270672,-0.026371863,-0.50625
PRR7,-0.37415734,-0.20159781,-0.09204811,-0.262
TMEM110,-0.34699374,-0.060756017,0.2652125,0.0988
ZNF589,0.40121365,0.26025,0.40075153,0.8577
CNDP2,0.44971997,0.09374172,-0.8402965,-0.0054500103
TNIP1,-0.2801521,-0.55650806,-0.525975,0.28925002
P4HTM,0.38359573,-0.07703205,0.45689505,0.16919999
REEP5,0.21421078,-0.027774993,0.07261159,-0.46495003
BZW2,0.54453075,0.017801479,0.13797164,-0.23355001
CGRRF1,-0.26214775,0.3547066,0.083513,-0.67835003
AMDHD2,-0.092033565,-0.29632512,-0.32885262,-0.02405
PEX11A,0.34232527,0.20739868,0.40657395,0.1277
GFOD1,0.20003062,0.12527502,1.2794766,0.7121
PECR,0.18467462,-0.318875,0.04516039,0.074450016
SOCS2,0.21993212,0.123088576,0.8647444,0.4577
ZDHHC6,0.451712,0.28077638,-0.8123201,-1.11905
ITGAE,-0.63607925,0.35700086,0.25677538,-0.24180001
TMEM5,0.33190942,-0.04266759,-0.0783606,0.96510005
ATP5S,0.3369888,0.112977274,-0.48449862,-1.80605
NGRN,-0.047950827,-0.5176027,-0.19360472,-2.2403002
HOXA5,0.4688926,-0.16195,-0.2473661,-1.1790501
GRN,0.16869651,-0.43162578,0.5754536,-0.20754999
NUP85,-0.2117461,0.16845995,-0.39545685,-0.20145
GTPBP8,0.28090906,0.496176,-0.25461388,-0.60695
PTK2,0.224103,0.040487856,0.5634062,-0.6859
EPN2,-0.22849804,-0.16150765,0.2319562,-0.4693
MCUR1,0.27560169,-0.54311085,-0.411163,0.10579997
C2CD5,0.30328223,-0.083975,-1.4422997,-0.21814999
MRPS16,0.13176256,-0.60444367,-1.0863656,-0.95094997
NOL3,0.31935,0.012002872,0.4347537,0.39874998
NR1H2,0.38558054,0.34969157,0.3310358,0.33635
PLS1,-0.049214326,-0.21747501,-0.08373971,-0.46665
DUSP22,-0.086576395,-0.145875,0.302849,0.3615
RPS6KA1,0.13046618,0.14965789,-0.34150654,-0.23564999
DCK,0.344652,0.32361355,-0.48838764,-1.21645
TRIM2,0.06420107,0.031399995,0.44355512,0.29270002
VPS28,0.14002371,-0.34064767,0.46780664,-0.49769998
LRRC16A,0.23962182,0.11364305,0.50438714,-0.06685001
NR2F6,0.04468928,0.180486,-0.14259198,-0.09044999
EXOSC4,0.007888455,-0.03865,-0.28612846,-0.11044999
PDLIM1,0.1437326,-0.15437749,0.3643149,0.8439
CRELD2,-0.23981678,0.15984999,0.26606354,0.48895
RRP12,0.31644577,0.011800002,-0.15371934,0.1578
ACAT2,-0.15742362,-0.2786443,0.15338543,-0.7211
THAP11,0.12802264,0.63328487,0.5942173,-0.19090003
CEBPD,-0.15406993,0.11347164,0.53748953,0.059899997
MAST2,-0.15612741,0.00040000305,-0.82973176,0.55235
DHDDS,0.33114254,0.1852909,0.29663184,0.6908
GADD45B,0.15213287,-0.368,0.27524167,1.85905
KIAA0355,0.36363083,0.1749,0.23877063,0.04975
DYNLT3,0.03537696,0.032880977,-0.76226616,-0.18775001
CHMP4A,0.4585571,-0.127825,-0.24507484,0.38259998
IPO13,-0.1078612,0.039367486,0.44141582,0.2377
ITFG1,-0.3317638,0.14653149,0.07248442,0.2116
HYOU1,-0.44396242,0.106074,0.47884515,0.54515
FOS,-0.09022389,0.043965198,0.23044766,0.86745
MCOLN1,-0.1398612,-0.11442066,0.6327668,-0.20950001
ID2,-0.10108313,-0.2077656,-0.038655832,-0.5209
KCNK1,0.3257683,0.053549998,0.5295379,-0.8981
RAI14,-0.022729762,-0.17664081,0.40183848,0.17074999
DNAJC15,0.49240562,0.28637612,0.45350248,0.027499996
HOXA10,-0.36214432,0.15900888,-1.0843195,-0.033549994
CTNND1,-0.22345644,-0.29466534,0.5761764,0.5411
ZNF131,0.18932721,0.45668525,0.09270829,-0.2775
HOOK2,0.29137853,-0.316625,-0.45094538,-0.06955
ERBB2,-0.38178116,0.0035361405,-0.07897471,-0.569
INTS3,0.18217471,-0.27099267,-0.089249104,0.16735
RFNG,-0.10729714,0.51512754,0.049849745,0.84085
MICALL1,-0.2711384,0.3430828,0.07797195,-0.5029
KLHL21,0.56021583,0.2793178,0.24370804,0.0020999908
TLE1,-0.15595089,0.033250004,-0.6172849,-0.25079998
COG2,0.40769976,-0.36243108,0.068451576,0.54910004
MRPS2,0.34306115,-0.06249641,0.21691433,-0.40475
KCTD5,0.23249483,-0.07155,0.22678798,-0.3605
CNPY3,-0.18647853,0.29680002,0.7245964,0.7005
ADAM10,0.26936707,0.111975,0.487279,-0.79935
CD58,0.512473,0.4167567,-0.14229372,-0.75175
KIF5C,0.051221814,-0.14488079,0.49930197,0.23174998
HMG20B,-0.15438552,0.009633202,-0.6761904,0.0264
PIN1,-0.09558118,-0.062384978,-0.5824201,0.32075
LAGE3,0.13528177,-0.1493125,-0.12718463,-0.58395004
TNFRSF21,0.069697686,0.13275,0.020773545,0.61435
KIF14,-0.31141803,0.023627982,-0.21013024,-0.7572
CYB561,0.14869985,0.0666158,-0.30220821,-0.2045
HTRA1,-0.07177994,0.30843803,0.6680864,0.09775
WASF3,0.58024716,0.3582788,0.14640385,-1.0996001
TSPAN6,-0.28667125,-0.19496313,0.10149445,-1.22735
FBXO21,-0.09086874,-0.5870055,0.40206164,0.20365
PPP2R3C,0.27316827,-0.28286558,-0.6509328,-0.1347
GRB10,-0.058160707,0.1851208,-0.1586957,-0.16510001
ZW10,-0.33519536,0.26639152,-0.024306402,0.24194999
CORO1A,-0.035580445,-0.12613377,0.28845185,-0.10005
XPNPEP1,0.50453633,-0.68,-0.05801775,0.7214
MAMLD1,0.46648836,-0.18552476,0.3107497,0.5409
DSG2,-0.17190391,0.10251618,0.55585015,-0.51905
SLC27A3,-0.11872784,-0.11897093,0.47350514,0.6153
ADGRE5,-0.045061953,0.21799403,-0.44094262,0.08250001
IL13RA1,0.017403007,0.2442519,0.15736748,0.90565
AGL,1.0162256,-0.32485002,0.4989397,0.5097
GATA3,0.1777889,0.14781085,0.36889297,-0.16155
RPA3,0.09593289,-0.067875,-0.1768038,-0.8644
TES,-0.10122498,-0.4337939,0.41623908,0.4478
SPR,-0.3479148,-0.10852876,-0.07625529,-0.24470001
RELB,-0.28121567,0.21795422,-0.15830937,0.47195
RPIA,-0.5614745,-0.029917315,-0.095176086,-0.18165
ADGRG1,0.1857731,0.13584864,0.25539133,0.7683
NVL,-0.17520572,-0.00012499839,0.49957827,0.59449995
ME2,0.29399452,-0.11094662,0.08069475,-0.5236
TBC1D31,0.68177277,0.15577963,0.47109023,0.104200006
RFC2,-0.483132,-0.3350079,0.02587244,-1.2979
TIMM9,-0.0558237,0.1485,-0.4313553,-0.33765
ORC1,-0.10690424,0.43321684,0.40397614,0.04564999
PARP2,0.09108226,-0.07657023,-0.3908441,-0.28274998
FASTKD5,-0.105481945,0.01092501,-0.06450516,-0.3712
HACD3,-0.061479177,-0.17216916,0.25407407,-0.9295
MSRA,-0.30618334,0.21347214,-0.23769513,0.47190005
SYNE2,0.27706388,0.14859393,0.41066492,0.0729
UBE3C,-1.1852856,0.29125,-0.6524003,0.052250005
CCDC92,0.11323514,0.12342501,-0.1012755,0.6679
TIMM22,-0.13043422,0.2651,0.4368261,0.29215
ATF5,-0.07086443,0.17529932,-0.28354692,0.80245
NSDHL,0.24722248,-0.33292875,0.02995006,0.2861
ADI1,-0.2566476,0.062175,-1.0810025,-1.2142999
ADCK3,0.087194,-0.05303968,-0.20533039,-0.10564998
GDPD5,0.10100779,0.1469,0.32226825,0.85010004
TARBP1,0.2503863,-0.09052844,-0.1950247,-1.402
RBKS,0.02084145,-0.30022502,0.24941523,0.14729999
KDM3A,0.11256075,0.25412855,-0.18678272,-0.08395001
BID,0.29154313,0.046550002,-0.011862874,0.2518
MTF2,0.3605405,-0.031360447,0.68210053,0.09045
PIK3C2B,0.37118798,-0.23585,-0.21001093,-0.67505
SLC25A46,0.3323424,-0.10860106,-0.28533307,-0.52855
CDK19,-0.12457931,0.36755002,-0.22367416,0.42575
KIAA0753,0.11057691,0.26590338,0.41107917,0.55785
KAT6B,0.3107018,0.1282722,0.023604907,0.5711
CHN1,0.11667016,0.07284596,0.5385927,0.48874998
MAPK13,0.03370783,0.18381575,-0.13590665,-0.43645
UFM1,-0.5311363,-0.12178476,0.03586718,-0.6776
IARS2,0.14018974,-0.12831762,-0.5843116,-0.58625
GATA2,-0.0041976236,-0.08755287,0.2192735,0.068399996
NRIP1,-0.1871933,-0.02528324,-0.50649107,-0.62715
CCNB2,-0.5853878,0.31634048,-0.34109712,-0.24350001
RNPS1,0.063247,0.34661633,0.329071,-0.023450002
ARID4B,-0.033616558,0.17423782,-0.0969646,0.44935
GSTZ1,0.34397376,-0.32886863,-0.37289786,0.27085
SESN1,-0.1883797,-0.3099498,-0.33279365,-0.49435002
SPEN,-0.079155505,0.08756428,0.18252876,-0.24000001
PDHX,0.32421258,-0.22605848,-0.4944682,-0.77555
DENND2D,0.49924088,-0.18020001,0.35483038,-0.18090001
CTTN,0.050357953,-0.356225,-0.43040198,-0.4432
UBR7,0.16469775,-0.07779558,0.56242156,-0.37725002
CD44,-0.036926284,0.20419581,0.35726994,0.61265004
VAV3,0.004325323,0.1306321,0.5876875,2.40055
ABHD6,0.11644585,0.18504664,0.7690135,0.519
CAB39,0.080112845,0.048155963,-0.29463238,-1.1595
TIAM1,-0.1360428,0.07879195,-0.09964354,-0.067499995
DNM1L,0.108218506,-0.14952302,-0.05309912,0.055350006
DERA,0.4561261,-0.07340657,0.056163196,-0.81785
PTPRK,-0.08287325,0.10469478,0.5335725,0.32654998
HERC6,0.13560253,0.28707707,-0.018833648,0.55880004
ACOT9,0.25511152,-0.42446613,-0.8043224,-0.51825
ST3GAL5,0.24244344,0.018354634,-0.16063134,0.13545
CTNNAL1,-0.01844303,-0.1321325,-0.24105872,-0.54829997
ABHD4,0.21798173,-0.3053147,0.3894166,0.20269999
INPP4B,-0.019500777,-0.3245443,-0.066693775,0.15135002
ZMIZ1,-0.5577184,0.0015304461,0.22756717,0.24994999
PPARG,0.2707829,0.12318522,-0.030564565,0.18295
RPP38,-0.063123,-0.17143844,0.24252754,-0.28055
CAST,0.07519709,-0.24685723,-0.117758445,0.15485
BAG3,-0.52950823,-0.035592653,-0.11127875,-0.15184999
GNA11,-0.21212319,-0.06707221,0.13951713,0.41535
TOR1A,-0.41514903,0.58441997,0.0592262,-0.8272
SLC25A13,0.6218356,0.12575686,-0.5064223,-0.15005
TSPAN4,-0.15894899,-0.09481277,-0.46650672,0.55375004
NR3C1,-0.020170271,0.25628978,0.3149941,-0.18585
TRIB3,0.03169302,0.11684812,0.1469934,0.3685
JADE2,0.021761127,0.2218,-0.10005884,-0.26224998
CXCR4,0.07283434,0.07952195,0.39805543,1.0552
FKBP14,0.272343,-0.040421233,1.146791,-0.36625
CIAPIN1,0.22008745,0.14012158,0.2178073,0.14535
COG7,-0.0092570335,0.21640551,0.46064872,-0.015700005
TUBB6,-0.3882889,0.0218831,-0.8765042,-0.55215
ABL1,-0.23831297,0.19510001,0.31075463,0.46075
CCNF,0.2776534,0.03579911,-0.43494868,0.2227
FAM57A,-0.2743805,-0.02245,0.007990275,-0.68015003
EVL,0.28735465,0.13846616,-0.12441789,0.13439998
GPER1,0.3768831,0.32192796,-0.009551898,0.018
EAPP,0.32311976,0.31277767,-0.044961575,-0.4714
EXT1,-0.14610493,0.16430001,0.14358312,0.48264998
POLE2,0.051586602,0.23893324,-0.018456524,0.47595
C2CD2,0.15465559,-0.055052802,-0.6571085,0.34219998
ANKRD10,-0.07839422,-0.27195135,0.11353526,-0.31835
DDX10,0.197095,0.25653702,-0.6570764,-0.100900024
CEP57,0.0142937,0.058413357,0.2438192,0.12900001
RAB31,-0.43535587,0.034506276,0.34517378,0.18155
ABCC5,-0.35669023,0.25484538,-0.329412,-0.33179998
RFC5,-0.1477184,0.036623873,0.42068014,-0.78225
HES1,-0.025584057,0.272475,0.4353655,-0.50615
KLHL9,0.14562528,0.18574001,0.35233092,0.82105005
UBE2J1,-0.011414596,0.149825,0.42662987,-0.28045005
SLC37A4,-0.023918163,0.18190382,-0.3393524,0.46754998
NPRL2,-0.024978308,0.078920715,0.30309033,0.044400007
PWP1,-0.37109143,0.054634914,-0.5730599,0.14055002
PLEKHM1,-0.047786705,-0.12181674,0.29324943,1.0641
VAT1,0.2657188,-0.34995544,-0.8675854,0.19209999
KIF20A,-0.31894654,-0.078960806,-0.5183041,-0.59870005
CDH3,0.34335107,0.12146436,0.7953346,0.65185
SSBP2,0.055750303,0.1749551,0.64494574,0.11915001
SNX11,0.54388654,-0.41632134,0.1970186,-0.5878
SFN,-0.300725,-0.37765902,-0.278504,-0.16745
RFX5,0.10412996,0.16261043,-0.36521488,0.16115001
PKIG,-0.11316712,0.2579048,0.2182876,-0.2067
FSD1,-0.0003340263,0.40005064,0.041997045,0.74549997
ATP6V1D,-0.25746605,0.025247775,-1.0430453,-0.7144
CDC45,-0.30769974,0.24063066,-0.07547879,0.20809999
EDEM1,-0.18549669,-0.02242181,0.2511323,-0.01715
USP6NL,0.41751224,0.28346837,0.9212876,-0.37799996
NT5DC2,-0.2609678,0.028122474,-0.48003656,-0.0431
CCP110,0.3377058,0.117941424,0.3579217,0.2596
STK10,0.15630156,-0.108902395,-0.012116147,0.48639998
UGDH,0.06726108,0.020464316,-0.4029848,-0.1544
SQRDL,0.18639535,-0.17844999,-0.073186114,0.37455
HEBP1,0.02407552,0.0016808584,0.201463,-0.94095
ATP11B,-0.20871526,0.1965169,0.51336104,1.3303499
CD320,0.28607225,0.2428903,-0.18101558,-0.1294
MLLT11,0.07911525,-0.55393994,-0.29522026,-0.20670001
CEBPZ,0.3738156,0.081088856,0.3930207,0.36139998
CBR3,-0.0456673,0.13978602,-0.2985955,0.06099999
