gene,max_score
IL4R,0.966457163026331
BACH2,0.965360093228518
IL13,0.9597191001509618
TYK2,0.9589884940155766
TLR1,0.9572907264896712
NOD2,0.9567951681612066
IL1RL1,0.9547192277544492
FCGR2A,0.9544535829756472
GATA3,0.953711371065416
TNFRSF8,0.951697316053301
ABCC8,0.9509532913110098
KCNJ11,0.9493872382899944
D2HGDH,0.9468706421544624
IL23R,0.9457678004888632
SMAD3,0.9450571331003866
OTULINL,0.9441076025087966
RUNX1,0.94245416843608
EGFL8,0.9419670423080216
SH2B3,0.938799337655574
CD40,0.9359278824261072
GCK,0.9356882689578218
GPR35,0.9344020388854491
RTKN2,0.9330236193308254
IFNGR2,0.9326461586083392
ATRIP,0.9325706465513904
INS,0.9311385914857578
IFIH1,0.9310904669059232
MST1,0.9305501370186514
ARID5B,0.9301334958494204
IL33,0.9298372647743643
DLD,0.929521688714744
IL7R,0.92864477174533
TNFAIP3,0.9284922873109042
PRKCQ,0.928449942677044
HNF1B,0.9282106246672605
ADCY7,0.927306713414586
WDFY4,0.9268829928000768
CARD14,0.9261359412376868
CARD9,0.9255381039166876
TNFSF15,0.9234576225864508
TSLP,0.9223940964906338
PTPRC,0.9221402558728796
RASGRP1,0.9214303168557708
HNF1A,0.9201483452993662
TREX1,0.919622581166061
ZC3H12C,0.9188393061689184
C12orf43,0.91875383379927
PITX2,0.9157089483308728
MACIR,0.9150219876398404
NPNT,0.91406471986892
STAT3,0.9135014601681036
IL21R,0.9129483693425716
TESPA1,0.9114618997074748
FLG,0.9114042031492244
NCF2,0.9112767146547978
IL12B,0.9111578307011036
CD6,0.9106549865200392
UBASH3A,0.9098789849264264
LPP,0.9098457470960962
NFKBIA,0.9095136487581544
IL6,0.9089112009056404
IRF4,0.9086793479532602
LACC1,0.9083227187180052
TBL1XR1,0.9078541594798334
TNFSF4,0.9076884868606644
GLB1,0.9074822863363468
WDR36,0.9071740887473696
JAZF1,0.9070826365114198
IL6R,0.906155696969496
IL10RA,0.90552218635441
ANKRD55,0.9048875659419522
SPRED2,0.9047742615031836
RNASET2,0.9030914856255318
IL2RA,0.9028117061582344
SUOX,0.9019085679890242
RIGI,0.9016098512042164
ITGA4,0.9015166274725904
AFF3,0.9011121119495829
NFKBIE,0.8994478780099919
ERAP1,0.8988192062421905
TG,0.8977523615967222
PTPN22,0.8961655696546156
APOBR,0.8953501295408608
TNFSF11,0.894912096506289
LBH,0.8939009678188629
PTPN2,0.8935231135968951
IRAG1,0.8932633695285181
TCF7L2,0.8931174076996382
CD226,0.8915194028409374
CDKAL1,0.8914222592486428
ITGB8,0.8911967051942713
COG6,0.8899392085003135
HNF4A,0.8897785506604379
CD28,0.8893307574796456
GLIS3,0.8888916621372618
HLX,0.8881053553108638
CTSH,0.8876762584074425
IL36RN,0.8876232225170897
JAK2,0.8856017885539482
NOS2,0.885146287621838
AHNAK2,0.8850901135450947
IRF5,0.8847915857589624
ETS1,0.8844357672614501
IL2,0.8838002524306183
CEP43,0.8830066414576225
SIRPG,0.8828977443838466
IL12RB2,0.8819465338003091
NAB1,0.8818757213863923
CLNK,0.8817198430554999
TNRC18,0.8810956575191482
SLC15A4,0.8807888982858616
APOE,0.8807877503139487
BLK,0.8807094877053003
TCP11,0.8798329165823691
GPR65,0.878765766605969
SLC9A4,0.8786158702909568
IL10RB,0.8777499921976097
ZFP57,0.8777422335543262
TAGAP,0.8770650773951654
C1QTNF6,0.8764916128523714
TNFAIP8,0.8756491494071583
ADO,0.8755502324578829
TSHR,0.8740005098288783
SYNGR1,0.8733638531810429
OVOL1,0.8733594606562578
NKX2-3,0.8724367599264876
ELMO1,0.8723944819629241
CD58,0.8721992069363486
RGS1,0.8715880365992998
ZFP36L1,0.8708490690049312
PTGER4,0.8706460664863033
GALC,0.8705602321849404
KLF13,0.8704990031813293
PDE8B,0.8697781848364293
PLCL2,0.8695219903101522
CD83,0.8682688898017548
NRG1,0.8679525623837697
STAT4,0.8668375080825467
TNFRSF1A,0.8660836950863591
RUNX3,0.8649353884842726
DNASE1L3,0.864020511980613
MMEL1,0.8635968394155776
TPD52L3,0.8633299724465132
NDFIP1,0.8627740113224283
FOSL2,0.8616515575583615
TRAF3IP2,0.8612719603865221
CTLA4,0.8611761182116564
REL,0.8605167020383074
TSPAN8,0.8601687372024818
GPR174,0.8592612758139105
CD247,0.8590528738442456
NEUROD1,0.8567229247044262
FCRL3,0.8549005198808084
PLXNC1,0.8541281518217153
IL18R1,0.8538432367364134
PTF1A,0.8537445853936217
OSMR,0.8535441461687392
NFKBIZ,0.8535210991189156
TTC34,0.8533722637669988
B3GNT2,0.8527112182679426
ZAP70,0.8526705852790366
PRKCB,0.8523712857474112
BLTP1,0.8523410410508814
FAP,0.8521075706422131
IL12A,0.8520100374687173
IRF1,0.8518746460764893
AIRE,0.8494699506585247
TYR,0.8488537853350612
DNMT3A,0.8483744886121855
ACOXL,0.8471882942767461
PDX1,0.8469806663678758
ATG16L1,0.8463295417143066
ADAM17,0.8453189568483129
SP140,0.8452453180515258
GTF2I,0.84517639606121
SNX20,0.8449233840325655
FOS,0.8443476425864588
MAGI3,0.8439337349140781
CCL20,0.8425456695416532
AHI1,0.8425240113247215
CCR6,0.8422483610792553
CDHR3,0.8403193852927973
PLCG2,0.8398422226271292
LRRC32,0.8391803961838133
ADORA1,0.8389466032758336
MAP3K8,0.8386379325448304
IL10,0.8384338854003053
PARK7,0.8365988124443527
CCL21,0.8365384280886398
PLCL1,0.8356722280633442
SOCS1,0.835608933860869
SIAE,0.8353472940792857
IFNLR1,0.8345978309613666
IL18RAP,0.8345198157310743
BANK1,0.834324473801506
TPO,0.8341766290599196
CEP128,0.8341147957388392
FAM8A1,0.8340754214383418
EEFSEC,0.8339184211350966
TNIP1,0.8334732967727781
TNFSF14,0.8334524957162278
P4HA2,0.8328632268869394
SLC25A46,0.8327218381118741
DAP,0.8311861172711996
IL17REL,0.8308869220415339
TREH,0.8308236246054514
DENND1B,0.8301289003287857
HDAC7,0.8300031196881914
SOX4,0.8294168449458487
RORC,0.8291433975632168
CDYL2,0.8286436767260967
MUC19,0.8284017763828926
TRIM22,0.8274613634158176
TNFSF8,0.8269545208910992
TNFRSF11A,0.8268728750138601
PACSIN1,0.8249924730627736
PADI4,0.8243468614790442
CDC42SE2,0.8236362099768126
NR5A2,0.823323601105937
MAF,0.8233190243011961
ZNF831,0.8226902617453256
FGF7,0.8220927532681791
CAMK2G,0.8220646062616217
CBLB,0.8219748211854291
USP8,0.8215648507972552
RIN3,0.8214808979760357
PRDM1,0.8212075562198526
KSR1,0.8204248899033902
ZBTB10,0.819598206534595
POLI,0.8194090160696781
C12orf42,0.8193943198052964
CD44,0.8183801478902629
NFIA,0.8167395786123204
CCN4,0.8159418861440478
IAH1,0.8151725404490521
PDE10A,0.8145092062791995
EOMES,0.8134393954607662
ZNF217,0.8133535283882875
ATP2C1,0.8131705503392905
IL19,0.8131442103939506
FOXO1,0.8130275946897908
GNA12,0.812991753404984
IKZF1,0.8124178779155137
FAM76B,0.8117399642053523
NR3C2,0.8116665641271754
VAV3,0.8113660692120829
IRF8,0.8108945232369611
PRDM11,0.8097054147163598
CENPW,0.8092895898361802
MGAT5,0.8073189296902977
SAMHD1,0.8066310620195937
SLC39A8,0.8064454918438236
STAT6,0.8063445470245679
MYC,0.8063398972140502
GADD45G,0.8061165337980747
ZNF438,0.8059156255114207
NEK6,0.8055889245771162
PUS10,0.805475774118755
TLR3,0.8054374848522283
CCL7,0.804154019763831
FAM167A,0.804002578037761
ICOSLG,0.8030251705123274
MBIP,0.8029126779851753
ADAMTSL3,0.8028350478699197
IQCH,0.8027217172746932
BLTP3A,0.8026839066346754
RIPK1,0.8007968431539079
MECOM,0.8004229337797367
NXPE1,0.8003808709305421
SKAP2,0.7996382469546743
CTRB2,0.7993703251950267
TUBD1,0.7993034513049948
USP25,0.7987121737039172
POMC,0.7985382928269303
ZNF652,0.7982795098033583
CD86,0.7975596330841812
AARS2,0.796478447365083
TSPAN14,0.7955632652757831
ETV7,0.7953223462509266
IKBKE,0.7950610155833502
PTPN11,0.7944694134095001
TNFSF18,0.7937635388333093
PRR5L,0.7925837941595089
LITAF,0.7924897604073697
FOXP1,0.7923991819485741
PLD4,0.7915627250664367
SEC22B,0.7904515681635931
TLR4,0.79017756395713
ST8SIA4,0.7888657805025805
ADAD1,0.7884585299653699
ANKS1A,0.7878705154575438
NCF4,0.7876255431136457
NFKB1,0.7873701228296212
POU3F1,0.787346349397772
OLIG3,0.7869447919986989
ELF1,0.7866423589255901
RPLP1,0.7851165763401413
FTO,0.7850524713737561
HINT1,0.7846850213863102
CXCR2,0.7841123091168168
CUL2,0.7837982723474181
TCF7,0.7836495898784945
SYK,0.7828932811642456
CSMD1,0.7825240621853969
PDGFB,0.7824912196026779
IKZF2,0.7814343598470789
IRF3,0.7806446745763066
SPATA32,0.7804386181367091
UBE2E3,0.7804012045110622
TLR7,0.780339586832956
ADGRL2,0.7802334159037134
PHTF1,0.7798079667511278
ADA2,0.7789113344398895
TEC,0.7788669794277469
ZBTB38,0.7775753919326382
KLF3,0.7770247203118015
CRLF2,0.7766105239538178
IL27,0.7762909852857001
RSPO3,0.7757723128137797
ID2,0.7753065033498806
LEF1,0.7751299577629238
OTUD3,0.7735722949618828
LRRC18,0.7724655540063173
INPP5B,0.7715712112862525
GIN1,0.7714314701856326
FCGR2B,0.7712880439004813
PEX14,0.7691275683215195
MYO16,0.7690390130754234
DLEU7,0.7686608663292419
RPS10,0.7679992785437613
SCUBE3,0.7678505389095823
SULT1A1,0.7677478720806433
IL1R2,0.7673212987280459
CYLD,0.767274943525361
FAS,0.7670259098526351
NRROS,0.7664941286834108
IL1R1,0.7664882979513414
ERG,0.7653738817408995
BRD7,0.7649025947744069
GPS2,0.764780971165911
MLN,0.7644899416424307
SHARPIN,0.7644447691292747
MFSD6,0.7644099836615407
PLAU,0.764343624109206
CMC1,0.7636267737681633
SATB1,0.763406316227138
POU5F1B,0.762896984195224
CERKL,0.7628246247687117
HSPA1L,0.7622236340454505
SPSB1,0.7620719063383553
ERRFI1,0.7616182882645276
RERE,0.7610803036856633
CREM,0.761053347858798
DGKQ,0.7609146972156102
SMIM20,0.7606830778419488
NRSN1,0.7604376141218254
CIITA,0.760359863629946
UST,0.7601547250412003
HPS1,0.7599134970145264
C1S,0.7599134970145264
C1R,0.7599134970145264
C1QB,0.7599134970145264
MNX1,0.7599134970145264
C2,0.7599134970145264
MT-TL1,0.7599134970145264
HLA-DRB1,0.7599134970145264
XIAP,0.7599134970145264
CARD11,0.7596735650601476
ICAM5,0.7596682485410489
TMEM235,0.7590575945519868
DYSF,0.7590420415934485
LRRC74A,0.7590001225773383
SLC26A3,0.7589753777615185
AAGAB,0.7584357097516072
CRB1,0.7583167380314123
TGFBR3,0.7581566466771485
ATP2A2,0.756623221834865
ITPKB,0.7566218817542554
TNFRSF14,0.7561646322006719
NCALD,0.7559677522674986
PIK3R5,0.7549591235400132
ERGIC1,0.7542413002792826
ELAVL2,0.7530816767808468
TRIB2,0.7528075310593694
CTRB1,0.7525040540601639
CD80,0.7523831456965695
ZDHHC12,0.7523806334939772
KEAP1,0.7518604645334966
SIK2,0.7514498183092401
JAK1,0.7508245537138322
CCR1,0.7506206604616055
IPMK,0.7504862095190649
ADCY3,0.7502186967128738
TET3,0.7500222508789512
TMEM151B,0.7498652047058804
MAP4K4,0.749835006523657
PRL,0.7497597584118085
SPATA13,0.749401950718773
NPAS2,0.7493139069660278
TRIB1,0.7486611718565869
NCOR2,0.7483258351611634
EVI5,0.7473437415890692
CCL2,0.747293627810423
MYL2,0.747160644037313
SHC1,0.7470119185841704
MSRA,0.7460981539976987
CHRNA9,0.745523460848637
ID4,0.7451206081398131
TGFB1,0.7447152270742359
INSL6,0.7441257954025426
HORMAD1,0.7439992544172926
CCDC122,0.7437986543063252
CYP24A1,0.7435214559114447
EGFR,0.7435196181941256
SALL4,0.7434588546047372
C2orf74,0.7433553847711687
IFNAR2,0.7426204822744328
NFATC2,0.7422055149730628
FCRL1,0.7420080867122336
COL16A1,0.7419148696391796
CD5,0.7416743812516093
SEPTIN8,0.7416654167031236
GFI1,0.7414133608985276
IPCEF1,0.741404452624696
TMEM121,0.7405243376837585
THADA,0.7402974947748198
TH,0.7396668143444408
ENSG00000284779,0.7392754222364625
HGFAC,0.7392465694900432
EMSY,0.7384663680711095
TMPPE,0.7377029305859487
DOK6,0.7372712055643894
CSF2RB,0.7369113877954981
SLC7A10,0.736657548497669
ATG5,0.7366468626649015
TTC33,0.7359924031176138
MAPK14,0.7354814999849258
INAVA,0.7352301024961895
CLEC16A,0.7345574446121493
UQCC2,0.7342889652462213
GSAP,0.7341727466939593
ELP6,0.7336270413897871
RAPGEF6,0.7335247151649991
HHIP,0.7329323850929108
MT-CYB,0.7325566111220034
RP1,0.7321174382586446
SEC61B,0.7315554636058137
IRGM,0.7311719214916442
CARMIL1,0.7296089503172344
AGBL1,0.7292852339229345
TPCN2,0.728546680421576
LSP1,0.7285462293716287
PHLDB1,0.7284371676592186
MDH1,0.7272564942642848
BATF,0.7272246224770792
CADM3,0.7266382621504912
TLR10,0.7266002908460784
PRAG1,0.7264836171823218
ADAP1,0.7264424739825325
HIPK2,0.7253859923071516
FYN,0.7249953866041061
ALK,0.7247542237372785
CRISPLD2,0.7246138617972566
PSTPIP1,0.7243723135398559
SLC22A4,0.7240678628013933
RPL3,0.7238052888312483
SMURF1,0.7236952646929701
ABCB5,0.7233827794046734
RPIA,0.723158491125589
UBAC2,0.7229824325682216
IFI30,0.7228770145686646
MIF,0.7227621704938161
RBM17,0.7223634593110823
BCL2L11,0.7218579421111242
PADI2,0.7214180480745774
RIPK2,0.7213963686636659
MARS2,0.7211810271232565
MLLT10,0.7208935545152133
CXCL13,0.7208019254434426
SLC8A1,0.7205725199083122
SLC29A3,0.7198679817385478
OSR1,0.7193837887775609
PLEKHA1,0.7190870448210721
MEFV,0.7190131419931697
NCF1,0.7188815127271595
PCLO,0.7188483121883038
RIPOR2,0.7182979682915032
SEMA6D,0.7180914234984829
EVPL,0.7179456424707993
TPH2,0.7179129410253476
LRRK2,0.7178892727425847
HDGFL1,0.7176619472418679
BCL10,0.7175395991791416
GPSM1,0.7173604504613714
FUT2,0.71730495377731
KCNRG,0.7162180205586682
TTC6,0.7158663018610362
CNTN6,0.7154344914975597
SLC2A2,0.7152434174846884
GPD2,0.7146619696777928
TNS3,0.7144888785290876
TRAF3,0.7143814265617827
ATXN1,0.7142867585391459
KIF11,0.7140002469292158
HIVEP1,0.7133787267880066
NEMP2,0.7130048851695633
HORMAD2,0.7124175055620748
PPARD,0.7118708334808599
ARMC2,0.7110068043668069
LCOR,0.7110040400631031
TGFBR1,0.7101856249876325
PRKAA1,0.710070234066712
SASH1,0.70986351030198
TBX18,0.7095446297274991
FBN2,0.7093367859701905
IL21,0.7089424092069169
PPP5C,0.708637297789499
SMAD2,0.7074865851673531
CCDC63,0.7066703325894033
ADAMTS1,0.7064971786908797
DAGLB,0.7064136491884372
THSD7A,0.7062549000055148
TASL,0.7061418926017881
CD200,0.7059437680159258
CRTC3,0.7058371163429401
TET2,0.705391109707341
FOXP3,0.7051997252294805
NSMCE1,0.7049764432958081
TENM3,0.7048406204410744
PMP22,0.7041949053519404
CPEB4,0.7035711488452003
LMNA,0.7035700295629579
ITPR3,0.7031318260683941
NFATC1,0.7028029070884702
GSDMB,0.7021122700817569
ITGAL,0.7017335607511022
GATA4,0.7008766617797978
TRAT1,0.7005271180185355
FOXA2,0.7002463708464431
MB21D2,0.7000356574882096
SATB2,0.6999797080584231
ACTB,0.6999288381865986
RNLS,0.6997742748360846
NUBPL,0.6993730715085864
FHIT,0.6988099785309401
DUSP22,0.6987677705806036
ERAP2,0.698374978172081
FADS2,0.697418301101042
SLC9A8,0.6966430658582616
TBCK,0.6964689783962508
TOX2,0.6961584523455063
FLT3,0.6952494349720252
ARAP2,0.6944278366866627
SLC25A15,0.6943683190830345
KCNK2,0.6942857985703615
CD69,0.6930394506413726
PGM1,0.6928259117768559
HHEX,0.6926986325922694
AGO2,0.6926979364677147
CTH,0.692455750396335
NRG3,0.6924402448301255
STAG1,0.6913302559010693
DOCK2,0.6908183553450302
NOP58,0.6905235219497011
SNRPC,0.6902109488316674
ITPKA,0.6897190381576221
ALOX5AP,0.6893068984092973
LDLRAP1,0.6892509924422311
RAD51B,0.6890976794137071
KCND3,0.688737322151922
DCLRE1B,0.6887367804500641
SETBP1,0.6885620364530344
LYST,0.6885484690545461
BTC,0.6883964846304587
SWAP70,0.6882573065605886
SNAPC4,0.6880736191413144
FASLG,0.68778143072909
ARPP21,0.6875944794551776
SYT13,0.6872499546035242
ARRDC1,0.6870834308493005
IL1RL2,0.6868355137909212
CELA3B,0.6863061900770362
ESR1,0.6857683405964661
IRAK1,0.6856867256378183
TNFRSF11B,0.6854397651243662
IGF2,0.6854093857204018
SERPINA1,0.684851131499781
KCNMB2,0.6844916212224893
TLE1,0.6843221045056501
IKBKB,0.6843201885104953
CDH10,0.6839385906022962
TMEM91,0.6839221473130737
MT-ND6,0.6839221473130737
TRAF1,0.6837774787360371
HNF4G,0.6835343076672976
ZNF774,0.6830620139860413
THEMIS,0.6814130013555061
RNF114,0.681304087842822
NR4A3,0.6813021487161021
CD200R1,0.6804581150502963
CDH26,0.6795677994383078
HOXA1,0.6793704205648134
SMARCE1,0.679044861944329
FUBP1,0.6790050981703899
CUL1,0.6788773103825086
XCL2,0.6784747043705595
STAU2,0.6782593080644254
DTWD1,0.6773370525307948
EMC2,0.6766748701823142
KIT,0.6766732597263159
ELAPOR2,0.6760565691511538
FCHSD2,0.67588798154038
EXOC6B,0.6757295517988205
ICOS,0.675563506190465
NEU4,0.6751288868676687
FAM241A,0.6747350616692561
RNF186,0.6746191194616009
SCAF8,0.6745807727576008
TEF,0.6744377928787711
GCKR,0.6742217193258113
GLT1D1,0.673869807526878
SEMA6A,0.6735627408632979
FRMPD2,0.673448056665591
LAMB1,0.6732564460983947
ENSG00000188897,0.6729387293624094
TAFA2,0.6727237007204917
TDRKH,0.6727070002291871
SCN3A,0.6724515904236833
CCL11,0.6718756294851812
CD2,0.6718718291704483
KLF12,0.671437341737522
CLEC2D,0.6709405179722597
LNPEP,0.6702281511295045
DPP4,0.6699993054181395
NCOA1,0.6696908251886252
ZC2HC1A,0.6687889240665803
RUVBL1,0.6685398048289113
ASPG,0.6676631193770289
RGS14,0.6674437988473081
AFF1,0.6673140123132726
RAB2A,0.6671981436288151
FBXO38,0.666414874110177
KCNG2,0.6663385240408928
LPAR4,0.6661573177421183
SCML4,0.6654597966684593
AP1S3,0.6654309188857203
CCR3,0.6650203035002399
NT5C1B,0.6647992127694212
INTS12,0.664020858414355
ENO4,0.6640089878405313
GFRA1,0.6638199749507484
ZC3HAV1,0.6637332014508533
LRIT2,0.663714850321511
FAT4,0.6636325730967817
ANAPC1,0.6630530150828163
GPR183,0.6625038327419078
EPHB1,0.6619609519378554
IRF2BP2,0.6611968925640099
KCTD20,0.6610602130635944
NKD1,0.6607239054725982
CUTA,0.6604649470993192
CCL22,0.6602931973287272
ATRAID,0.6600677814871899
CDKN3,0.6599688893982951
HIVEP2,0.6597491572683738
DRC5,0.6597123345271657
SPPL3,0.659672124453505
SLIT1,0.6596071877810804
BTBD3,0.6594809765447965
BOLL,0.6594716172580121
BSCL2,0.6593219055482884
STK38,0.6587749006231279
ZDHHC14,0.658730498284233
FADS1,0.6587269687444958
SNF8,0.6585773635697046
RAD50,0.6585592839793569
RSPH3,0.657717894530039
TERT,0.6573857867161988
POU2F3,0.6573673441198883
COX7B2,0.6569937326717008
MT-ND5,0.6565652614205508
ALPI,0.6565652614205508
CUBN,0.6564681402892562
ZFP90,0.6561857476636782
EHF,0.6559219326577376
FDX2,0.6541797903277612
C1orf141,0.6540297835861225
RORA,0.65303906341103
UBE2L3,0.6528983661941633
CDKN2B,0.6522175466126854
PTP4A1,0.651810802613826
SLAMF6,0.6513748768630017
GNPDA1,0.6512568327010843
COMMD1,0.6509387527574189
TMEM50B,0.6504963729749211
ABR,0.6503601844322471
MC4R,0.6502620977473889
P2RY10,0.6501684802513721
PLEC,0.649996834518975
TEAD3,0.6497084866642889
TBX21,0.6494782739712848
CCDC88B,0.6494318316336374
ZNF462,0.649179420638906
CDH13,0.6489836742622668
RASA2,0.6483360576332577
ARHGAP26,0.6482861752507801
GNG4,0.648101069680498
ARMC1,0.6474424670087371
ABO,0.6472827847678594
GLS,0.646952088898583
IL2RB,0.6465815401829982
DHCR7,0.6455662263863088
GGTLC2,0.6455594711009917
CHI3L1,0.6451379361433754
NUDT3,0.6449268085819837
TRMU,0.6446323240504049
ACTA2,0.6441972398695416
LRP1B,0.6439177725376797
MFSD4B,0.6437572649977191
DST,0.643347591420098
NELL2,0.6433119066400524
CEL,0.64311703454583
ALOX15,0.6426976760132596
YRDC,0.6426730570362829
PAQR5,0.6426284685106379
ATG2B,0.6422269164080427
SPAG1,0.6421259032447534
RAVER2,0.6408449459689477
PTTG1,0.6405419214433801
BCL6,0.6404959820354833
CXCR4,0.6400542818024841
RMC1,0.6394755570956261
FLRT2,0.6391785264651999
RBFOX1,0.6390792096051372
TIMP4,0.6386009010217119
SULF2,0.6383566083228334
ZNF37A,0.6383566083228334
MMP9,0.6377518331117888
NRIP1,0.6377042411195489
ITM2A,0.6373549942699175
SKIDA1,0.6369065778082756
MED13,0.6366534072084536
GNA15,0.6363178248924529
SHC4,0.6353529531918057
TMSB4X,0.6353292802240391
CSF2RA,0.6347881656819472
DGKA,0.6338240420349124
DR1,0.6333754327492161
ITGAM,0.6332731628023576
FAM118A,0.6330537921357291
SEC61G,0.632652600215724
DDX6,0.632615205463305
CFAP90,0.6323465663950899
PSMG1,0.6321895609330865
STAT1,0.6319773365967539
TNIP2,0.6318877121595461
NOTCH2,0.6317196826487819
CEPT1,0.631197518575292
ZPLD1,0.6303298334724329
SOX14,0.6302268057017644
PTPRD,0.6300336690618104
SLC30A5,0.6291479350098625
PRM1,0.6287744634353835
IGFBP5,0.6282676893996239
HABP2,0.627724797640442
TPD52,0.6275828816368816
TNPO3,0.6268983864197981
IP6K3,0.6268061542919201
CAPZB,0.6263413044661675
SNIP1,0.6261508257880773
TSPAN3,0.6258513034852846
CEMIP2,0.6253301200777777
CFAP20DC,0.625000179823589
BAK1,0.6249054386169272
PDLIM4,0.624139982256232
RYBP,0.6238496964859027
RANBP6,0.6237864591126508
TSC22D1,0.6234182030991801
DNAH17,0.6233870024295017
IRX2,0.6233381413309711
ITPK1,0.6232763552141095
MRPL39,0.62318210754768
NUPR1,0.6229367216438532
OR9G1,0.6226123251250189
EBLN1,0.6224594070310961
OXTR,0.6223851837888147
SPATS2L,0.6223313237461899
ZFP36L2,0.6213824618035709
MAPT,0.6208728774109417
RFT1,0.6191407603966973
SGCZ,0.6186216759360805
SLFN5,0.6185786752674703
CACNA1C,0.6185645046058397
FKBP5,0.6182885018233708
ENSG00000285976,0.6176170025521689
AP5Z1,0.6174058409920381
FGFR2,0.6166067465553536
ZBTB40,0.6164422554739465
NMUR2,0.6160237642320663
TMEM163,0.6157742437055621
MTMR3,0.6152548626839647
AKAP11,0.6150483243452561
POLG2,0.6148695423136727
USP12,0.614557654502764
ZPBP2,0.6140017472555854
MYOCD,0.6130225679239114
HECTD4,0.6128657553095957
H3-7,0.6127840330473349
ABHD5,0.6125483928582156
OTULIN,0.6122892709024342
DKKL1,0.6121223510986153
SYTL2,0.6120897469490215
CR2,0.6120359889353195
NCOA7,0.6113429524449918
PTEN,0.6109136748477301
ROR2,0.6098478163148632
TFRC,0.6097815303032483
CTSF,0.6097284618810073
RMI2,0.6093565545201007
JADE2,0.6091398284960342
SLC45A1,0.6089721785893315
GLDN,0.6088527465615395
CBFA2T3,0.6085129188426499
GEM,0.6079458418503533
NEUROG3,0.607930797611621
PRKCD,0.607930797611621
ADAM33,0.607930797611621
ARID1A,0.607930797611621
MUC7,0.607930797611621
LTA,0.607930797611621
MICA,0.607930797611621
DPP10,0.607930797611621
STING1,0.607930797611621
C4A,0.607930797611621
NARS2,0.607930797611621
PLAGL1,0.607930797611621
ZNF808,0.607930797611621
TNF,0.607930797611621
MICB,0.607930797611621
HYMAI,0.607930797611621
HLA-C,0.607930797611621
C4B,0.607930797611621
NKX2-2,0.607930797611621
ELF4,0.607930797611621
IGHG1,0.607930797611621
C4B_2,0.607930797611621
ONECUT1,0.607930797611621
CHAT,0.607930797611621
COL7A1,0.607930797611621
S1PR5,0.6075165168317314
DRAP1,0.6075165168317314
FKBP1C,0.6075085186662477
ILF3,0.6074279199522484
TIMMDC1,0.6074240302253634
WDR72,0.6072547059658572
TTC9B,0.6072460756415895
SCYGR5,0.6072460756415895
FKRP,0.6072460756415895
AHR,0.6071968103374533
USP42,0.6069599982951367
IL37,0.6069382575338877
HMGXB4,0.6067358254729563
ZIC4,0.6063183016073502
SPMIP7,0.6061997316264528
ERBB3,0.6060792685682351
TXNDC11,0.6053770482170326
SLC25A13,0.605229376758282
MAPK3,0.604776261825117
RTL1,0.6042890272244951
CASP8,0.6041645740649099
SERPING1,0.6038168480368947
ADAMTS4,0.6036426098478791
CD274,0.6035562215377437
RFX6,0.6029274969523825
TLE3,0.6028065806818439
MAD1L1,0.6027162800259364
GTF2IRD1,0.6023302976686945
SGCD,0.6022322146370257
PDCD1,0.6021893705470415
FSTL5,0.602009914046963
CDK1,0.602009914046963
MUC5AC,0.6013647355907378
PABPC4L,0.6010990635552831
VAPA,0.6010990635552831
SP3,0.6010124116728003
UBLCP1,0.6006997665565266
ZNF300,0.6006511270395604
PHF19,0.6004833812815141
SLC44A3,0.5999923618880445
EDN3,0.5998854305687753
LONRF2,0.5997796132371772
PRDX6,0.5984830196967252
HBP1,0.5981938060211359
XCR1,0.5980197905749735
SLMAP,0.5978319814910811
KCTD12,0.5977981660510622
RAP2C,0.5974874604114756
GART,0.5972820297195961
RPRM,0.5971817497099521
NFILZ,0.5968953241879257
YDJC,0.5963544463581458
RPS26,0.5958809003169753
OPA1,0.5957910002994042
PLCE1,0.5957026110068632
PXK,0.5956509557059404
DNAJC24,0.5950689320552105
CNTN5,0.5948839174807186
HAPLN1,0.594369919555553
TUFM,0.5940206319011968
PRKAB1,0.5937269798269063
MEX3C,0.5936333438257937
LRRTM4,0.593596573770654
SMAD4,0.5935040991445603
MTX1,0.5932999502760534
MAPK13,0.5931981543176055
MTRFR,0.5931241768319271
CPVL,0.5925743336343344
ST3GAL6,0.5925474225384119
EGR2,0.5919950648879302
OSTM1,0.5919029861732753
SDF4,0.5917594022150158
MAST4,0.5913662580097473
TNC,0.5911624966440148
WDPCP,0.5910973635788483
MACROD2,0.590689490977497
ZC3H12D,0.5901976268096312
ANXA11,0.5900556171369901
LILRB3,0.589914777187013
FCGR2C,0.5897360489752722
PDK1,0.5894644638202984
DAW1,0.5894596860986202
SLC30A8,0.5893674507782288
GSTCD,0.589316612157117
CA10,0.5890112194096669
HELZ2,0.5885869755426166
GZMB,0.5884394161424527
MEIS2,0.5884141057737264
TRAFD1,0.588199977201499
CDKN1B,0.5878259108253945
BBS7,0.5877399562979599
ATM,0.5876201205564264
MRPS31,0.5875969894406669
SYNE2,0.587197905401043
INSL4,0.5861687790013718
PNPLA1,0.5861032736078916
AGO1,0.5861001597873573
REV3L,0.5856243760913572
ZSWIM7,0.5855347481234345
DGLUCY,0.5854328686708169
FGF10,0.5851328132320156
FADS3,0.5842297472421053
CYP26B1,0.5841428614729072
CDK6,0.5838384360244888
MFN2,0.5838220203978634
FAM98B,0.5834746474142793
BHLHE40,0.5834047304571722
NSRP1,0.5833028489945682
LINGO1,0.5827762861501133
SLAMF7,0.5825546979240076
ZNF366,0.5820284591206719
PPARG,0.5819163658758242
SLC24A2,0.581794730440606
HIPK1,0.5816533118464949
KCNK12,0.5809618400524882
TMCO4,0.5809329570674054
VWC2,0.5807450607370372
KIN,0.5806232410796038
RTEL1,0.5801896806819609
SLC22A5,0.5796624772585853
CHLSN,0.5790944130617549
P3H2,0.5790850343391041
TFCP2L1,0.5788406364112916
SYN2,0.5787315400390632
FRMD4A,0.5787181670112475
SLC12A7,0.5785033913011229
ASAP2,0.5781023428505134
RREB1,0.5779109696895618
GRHL2,0.577846052078861
BEND3,0.5776917694797599
DNMT3B,0.5776406456834393
MT-CO1,0.57753425773104
MT-ND2,0.57753425773104
MT-CO2,0.57753425773104
MT-ND1,0.57753425773104
CD47,0.5771696359711989
THSD4,0.576799120452239
MMP16,0.5764496416145618
STAT5B,0.5764491061218124
XKR6,0.5762987669480768
PHGDH,0.5758939598345085
RHOH,0.575691869645521
ZNF395,0.5754603535545674
SEC16A,0.5753131182488888
PLEKHG7,0.5752843566191284
NRP1,0.5752814745364065
IPPK,0.5750117382654782
ICE2,0.5750067824947808
TGFB2,0.574767726038712
ILRUN,0.574650583448734
PLXNA4,0.5742305892932501
ARMC12,0.57400087545084
MAP2K4,0.573344416833521
PRKRA,0.5733200507433138
PFKFB3,0.5730722541433492
CYP2W1,0.5728266177985828
CFDP1,0.5727565482160277
PHB1,0.5723106055735714
TRPV4,0.5722651758757021
ZNF800,0.5722013816576713
C1orf52,0.5720405670874282
CHRM2,0.5716545597948625
RDH12,0.5713986624679906
SLC15A2,0.571290664359173
C12orf75,0.5710595009617863
ZMIZ1,0.5702985938151716
MFHAS1,0.5702805398051745
IGSF9B,0.5702805398051745
ZBTB21,0.5701966507462259
CARD8,0.5698687719630963
MBOAT1,0.5693783138838334
IFNG,0.5688273839642564
LEKR1,0.5688260659336677
SS18,0.568494931129894
TNFRSF1B,0.5684701868598605
ITGAV,0.5676777983049442
CREB5,0.5676022692584313
SDK1,0.5675259028259505
PDE4D,0.5674493480718487
CSRNP3,0.5673567662283623
KDM4C,0.5668774361450383
IL1RAPL1,0.5668374393198161
ZNF679,0.5666395617189276
TRAPPC11,0.5665243276654996
TPPP,0.5659307522393552
ATXN2L,0.5658258150505223
MAP3K20,0.5653094997623943
FOXI2,0.5652302169257236
RPH3A,0.5652142865219935
ABCB1,0.5651757000942598
DNAI4,0.5643271365459044
VWA7,0.564186469523136
CTIF,0.5640608638532065
GPC5,0.5632613137387987
HSPA6,0.5632337004311256
EPHA5,0.563098866421842
ANKRD30A,0.5625433714406897
KIF21B,0.5623525229915025
C1GALT1,0.5622633342434851
CCDC91,0.5622633342434851
SGIP1,0.5622181118824985
PTPN1,0.5621802810993929
PRDM6,0.5620870073977188
CERS4,0.561687504736762
ARNT2,0.5614290363971062
MYRFL,0.5614253547428533
NCBP1,0.5593844239042536
FAAP24,0.5593038376043256
ERCC2,0.5592963338026914
MLKL,0.5592963338026914
NAA25,0.5590462076041349
PAH,0.5588462588127706
TMEM164,0.5588308855698662
FOXN3,0.5585050694636176
IRS2,0.5584983857738426
PCDH20,0.5584983857738426
GRIA1,0.5584983857738426
CD109,0.558485881446588
LMO4,0.5584522921721186
GALNTL6,0.5584522921721186
CDK5RAP2,0.5584304407980956
GPR26,0.5584192508346368
SLC7A5,0.5583294187043389
CRYBG1,0.5576500872678197
ARPC2,0.5575608472398058
ZSWIM6,0.5572590234573448
RBBP8,0.5572590234573448
CAMK4,0.557187176450543
NFKBIL1,0.5568646106122449
BCAT1,0.556785726095475
BCL2,0.5567500145212679
CLVS1,0.5565687718969339
KAZN,0.5564436028227098
CD302,0.5563149211832932
TMEM132E,0.5562662279125001
SNX31,0.5562364252646546
KCNH7,0.555965560098969
AGPAT4,0.5556935458017769
PTPRR,0.5554286388562892
PCP4,0.5554286388562892
SPOCK1,0.5554286388562892
CEP72,0.5553694564408627
ADCY8,0.5549889138236388
XCL1,0.5547595211221888
SLC15A5,0.5546092176282106
ANXA3,0.5541238709390605
DCDC1,0.5541203262710398
PANX1,0.5539797980440463
RGS8,0.553926222063414
AGK,0.55343796987803
FAM120B,0.553326251263922
ARAP1,0.5532719205204858
SDCCAG8,0.553242600347003
IGF2BP2,0.553239130521502
YES1,0.5529673541782383
DAG1,0.5526805247316041
TMEM17,0.5526667171953219
TMEM207,0.5526152848933661
IDUA,0.5516724584886868
RPL6,0.5514397228714354
SFRP1,0.5513214642453583
FNIP1,0.5509923814495161
RSRP1,0.5503679743916267
FANCE,0.5503679692472044
NACA2,0.5501109772617487
ZBED6,0.5499557220566551
ZC3H11A,0.5499557220566551
PGBD5,0.5495832215886063
M6PR,0.5495787001402954
BLID,0.5493172088691329
TBC1D2,0.5490295770379683
GRAMD1B,0.5487717955850113
STEAP3,0.5486676728922985
VPS13C,0.548548049153453
DNAJC21,0.5479842071968074
GCHFR,0.5479298485622853
INSR,0.5478929470750368
ACP1,0.5478567513763624
PAPOLG,0.5476439759190521
ATXN10,0.547513912501301
SPATA2,0.5474255476892546
TIGD2,0.5473585675724773
SESN1,0.5473140200881218
LCP1,0.5471938514261327
MT-ATP6,0.547137717850459
MT-ATP8,0.547137717850459
MT-ND4L,0.547137717850459
MT-ND3,0.547137717850459
MT-ND4,0.547137717850459
ENG,0.547137717850459
FOXD3,0.547137717850459
CHRNG,0.547137717850459
MT-CO3,0.547137717850459
PPP4R3B,0.5469801551852626
DNASE1,0.5466597540992505
TENT4A,0.5465581731114912
CDCA7,0.5461084410857021
FYB1,0.5460641608147053
PREP,0.5459770253071841
USP34,0.5458852930285258
HNRNPAB,0.5457358555649209
RFX3,0.5454636352231719
NINJ2,0.5453752239767325
STK39,0.5453722203508161
PLXNA2,0.5453722203508161
TMEM196,0.5453657850576327
PLGRKT,0.5450265738266195
PRXL2B,0.5449838686328343
MINAR2,0.5447278578535917
C7orf33,0.5439872784388793
SMIM29,0.5439214076279012
RNASEL,0.5438409257562241
TSPAN18,0.5437457990572753
MAML2,0.5436369807678761
CCRL2,0.5435707677495341
TICAM1,0.5434013695812988
EGFLAM,0.5433911002158134
ATG4C,0.5433263165641075
MYRIP,0.5431156118332219
RYR2,0.5431156118332219
EPAS1,0.5431154604617976
TM4SF4,0.5429711216721906
SYT2,0.5426631146766536
SCG2,0.5425227901712839
ARHGAP24,0.5424807912290335
PAPPA,0.5424807912290335
LMO7,0.5424427842004711
LEMD2,0.5424408040223159
MFSD12,0.5421906668496618
NOS1,0.5421884979860137
KRT222,0.5421490162897286
SNAI1,0.5420100174012156
GATA6,0.5419863280111122
PRKX,0.5418464986406509
EDEM3,0.541786002323598
SLC2A13,0.541742292922706
CCDC18,0.5416901881201208
GPR158,0.5416817700294959
TNFRSF6B,0.5415192904440488
PDE8A,0.5415073635625807
TEX48,0.5413431721312684
KCNJ2,0.5412686776479254
COX10,0.5412302614147914
RAPH1,0.5412302614147914
MDFIC2,0.5410563641616525
TNFRSF13B,0.5408139437924323
ATP8A2,0.5406226472489287
ENSG00000293584,0.5404189953955328
DDAH1,0.5403100406111685
ATXN2,0.5402605268713886
RAPGEF4,0.5402322043019031
CCDC175,0.5402184942891948
L3MBTL3,0.5398950853546661
SF3A3,0.5397015041153721
NTMT2,0.5392361897848911
DCHS2,0.5390428517776747
SLC22A23,0.5390215481067305
CEBPA,0.5389997909251294
WDR41,0.5389737256223057
MUC16,0.5386259543033669
KLF5,0.5381501232784353
WDR37,0.5378489994550292
DMPK,0.5378365652460726
BORCS5,0.5378040098360347
NPHP4,0.5376850515974254
DNAJB9,0.5376742746475003
KALRN,0.5375570819514672
PRPS2,0.5373646745409968
ANK3,0.5372328733562771
RCC1,0.5372086901097024
ARHGAP15,0.5371134640887648
DMRT1,0.5370696810923501
PIK3C3,0.5370239449920692
SOX5,0.5370022895254318
LCE3A,0.5367631609659067
DCBLD1,0.5366876161218052
TRIM14,0.5363279493200526
SLC39A11,0.5362729046758673
ADAM19,0.5360646323560373
PDE7B,0.53599381374277
TECTA,0.5359413544440026
SIGLEC5,0.5358286041236209
ATP23,0.5356115852660913
GAS2,0.5354437331858871
SPHK2,0.5350786888388357
DTNB,0.5347036900920417
ORMDL3,0.5344985722510897
RASGRP3,0.5343412116896414
SAE1,0.5342061233738684
IGLL5,0.5340859083293725
DNMT3L,0.5340071387846005
SLC9A2,0.5333938960619033
VHL,0.5332295430546903
STPG4,0.5330084245395273
SGO2,0.5327933602748296
PRDM16,0.5326758880913806
PHACTR3,0.5326418522139913
SBNO2,0.532614780013088
L3HYPDH,0.5322764675304635
IER5L,0.5321139204591535
SENP7,0.5320782508074802
CHIT1,0.5320570561135797
LAMA5,0.5319394479101685
MYO5B,0.5319394479101685
STEAP2,0.5308152538104012
TECTB,0.5308152538104012
CFAP69,0.5308152538104012
INTS11,0.5306738483045926
PKP2,0.5305476133780918
LMOD3,0.5301137096272494
VGLL1,0.5300981803447345
F10,0.5299304246702035
CASR,0.5299072753220585
FGD2,0.5297381614596276
ASPH,0.5297346298758058
PPDPFL,0.5297346298758058
HTT,0.5296863511520485
HEATR3,0.5296561498633379
NR3C1,0.5295697338866425
ENTREP1,0.5295070384563331
L1CAM,0.5293943090678009
EPS15L1,0.5292525391739922
CASP7,0.5292289697392155
BCL11A,0.5291640042250328
RNF216,0.5290495071104055
ARID2,0.5288048358419993
ACTL9,0.5287150448780803
TNP2,0.528707451490678
RTN1,0.5286752543625353
UBE3D,0.5283160184476903
STAP2,0.5282603888547823
IL1B,0.5282195069659656
USP18,0.5281100303128521
ALCAM,0.5277984172298077
DPP6,0.5276599790079369
NXPH1,0.5276599790079369
EVC2,0.5276599790079369
STK32A,0.5276599790079369
ACTR2,0.527589021878847
EPHA4,0.5274462423859698
KLHL1,0.5274462423859698
DOCK10,0.5274462423859698
LAMA2,0.5274462423859698
ABI3BP,0.5274462423859698
GABRB3,0.5274462423859698
ADAMTS17,0.5274462423859698
NPIPB6,0.5273949501889811
TRPS1,0.5273124678661844
MDGA1,0.5267736848248982
VIT,0.5267455625670464
MTHFR,0.5265121966540003
PELI2,0.5262820249853171
DMRTA1,0.5262506854081775
MYB,0.5261367767964108
CA12,0.526032839797539
ANXA2,0.5260004076328234
SHMT1,0.5259615571531037
FAM53B,0.5258166393229754
AUH,0.5257345952169272
PSMA6,0.5254220772164183
SH3PXD2A,0.5249329953559186
PATJ,0.5249186642396485
PREX1,0.5248872432162462
TMEM178A,0.5247913633245987
DNAJC28,0.5247322531286144
NLRC5,0.5246775856470091
WAPL,0.5245774514427587
LTBR,0.5245329397078
EIF2AK3,0.5244673960643653
CCDC179,0.5243884679074152
CENPO,0.5240080766594896
VGLL2,0.5237211368046766
ADAMTS2,0.5237211368046766
UNC5C,0.5232432921186193
ASCC2,0.5230822044233556
IL7,0.5227242522186296
NICN1,0.5226800756342926
KLF2,0.5226329995097292
NCKAP5,0.5223121980142553
TMEM128,0.5221315465642752
RRAS2,0.521741828310682
SYT1,0.5212245629606758
GPATCH2,0.5207851693621596
NTN1,0.5206287969456347
RNF145,0.5204590342528925
ACSL6,0.5203885078186622
SLA,0.5203151533350263
MALT1,0.5202004142047842
FLI1,0.5200941483679526
DLC1,0.5200550767530004
DIPK1A,0.5199290958683944
MARCHF5,0.5193869359809343
NR2F1,0.5193869359809343
HSBP1,0.5193809445431812
S1PR4,0.5192601301330262
GPR55,0.5191585245178475
ATP6V1G3,0.5186219902369856
SYMPK,0.518599443191857
PLPPR1,0.5184328604369214
EMB,0.5184061840191446
EYS,0.5183149670273705
DGKB,0.5183149670273705
WWOX,0.5182412069477128
ZFYVE26,0.5182265312682385
CDH17,0.5182070588161792
MACF1,0.5181053127538107
HMGA2,0.5179232620469498
PKIA,0.5178869145876592
NREP,0.5177984973172092
TNIP3,0.517596164165532
MCF2L,0.5175852290203923
NEGR1,0.5173892140178196
SYPL1,0.5173070108445803
AGR3,0.5172417336819507
VWF,0.5170296700900555
TADA2B,0.5162873895165578
FMN1,0.5159722947672148
TBX15,0.5159722947672148
ACAP1,0.5157501981490205
PHF5A,0.5155495020556881
EFR3B,0.5150516373798344
RGS4,0.5148288904912939
PRM3,0.5147311825052813
ARHGAP42,0.5146495253120419
RGS7,0.5146495253120419
NAALADL2,0.5146495253120419
LHFPL3,0.5146495253120419
TAFA4,0.5146495253120419
CRPPA,0.5146495253120419
NYAP2,0.5146495253120419
DAB1,0.5146495253120419
TMEM132D,0.5146495253120419
GUCY1A2,0.5146495253120419
ARPC5,0.5145585119941689
SLC22A25,0.5144402318149616
EFNA5,0.5142768214413699
AFG2A,0.5136603383851924
SMOC2,0.5134880662469402
HELZ,0.5132597766792943
THOC2,0.5130602166360899
RTRAF,0.5130602166360899
GPA33,0.5129716624864957
DEF8,0.5129158757721174
DIPK1C,0.5123119243486098
HDAC8,0.5123119243486098
GPR156,0.5118723363230291
CCDC81,0.5117382446010421
CDH8,0.5117203937929162
KCNJ16,0.5115785865633832
PBX3,0.5115420636903224
ELFN1,0.5114921284917449
GPX1,0.5113048899655706
IFITM2,0.5112113756772085
PVR,0.5111471386706514
NLRP8,0.5110449684107288
FBXL20,0.5108687300838942
CRYBA4,0.5106852866582667
MYCN,0.5106852866582667
ADARB2,0.5106852866582667
RAB38,0.5106852866582667
IQCB1,0.5106521623182796
KIF9,0.5100288983293633
CNOT7,0.5099536232343203
CPXM2,0.5099456802342898
CTSB,0.5099195487510128
RNF125,0.5097873846068244
NUP98,0.5097241737483225
PAX7,0.5096377746126171
SLC25A37,0.5095004124107151
C1QL2,0.5091849262479583
DLL1,0.5087227122914614
NAV2,0.5087227122914614
ELP1,0.5086211814290926
GLP1R,0.5085426340954499
LRRC43,0.5084560516490689
LPIN3,0.5083637338425799
TRIM49,0.5079207869430341
PSD3,0.5078509354075647
SLC25A21,0.5078509354075647
ZNF804A,0.5076496930319592
ZNF804B,0.5072886230045148
NUP205,0.5068531661022952
HBS1L,0.506671508514134
CH25H,0.5061980523315494
FLVCR1,0.5061199843280284
CABCOCO1,0.5061197998340541
KCNE4,0.5061197998340541
SPIN4,0.5061197998340541
PHOSPHO1,0.5054655284650073
LRRC3B,0.5051910157151619
GPR78,0.504600978164217
PALLD,0.5043959698648953
PDE2A,0.5043579376397006
SLC25A30,0.5043141593792081
ENSG00000283128,0.5043141593792081
RAB5B,0.5042413883131771
DRAM1,0.5042295255702078
FCGR3A,0.504109587571824
CEP120,0.5040776119205485
QRFPR,0.5033230018249956
KCTD16,0.5032967717250367
GCN1,0.5032564742007758
TRPC7,0.5029276414300814
MAL2,0.5028998056665798
TBC1D4,0.502802620981836
WFS1,0.5027522313551874
BMP5,0.5025664815690678
ACER2,0.5025035119269955
MTHFS,0.5020807880938403
DOCK3,0.5020608262134989
BBS9,0.5016516781791414
VEGFA,0.5013278039562974
CHCHD6,0.5012375106543563
TMEM171,0.5011670823852413
GCG,0.5009194137723377
CD244,0.5008584133520741
ELOA,0.5006382366264701
C20orf204,0.5006193674807713
ERBB4,0.5005485174240749
SH3BP4,0.5005485174240749
MGMT,0.5005485174240749
BPNT2,0.5005485174240749
PPP1R3D,0.5004774960602038
AMER2,0.5004051635504554
FRY,0.4999039832349354
PUSL1,0.4996967549736577
NELFE,0.4995999439733498
TAF11,0.4994379998211943
NMNAT2,0.4989827187485202
ADAM18,0.4989827187485202
WBP4,0.4989192401053623
MTRR,0.4987784428123187
SCRN1,0.4986660134527632
SHCBP1L,0.4986296271878844
PPHLN1,0.4986296271878844
AAK1,0.4986296271878844
CDH3,0.4986296271878844
GPR25,0.4984326122750312
IL22RA2,0.4981163434024316
CHSY3,0.4979762992421965
ELOVL2,0.497963727666425
ACTN1,0.4979330089555298
GLI3,0.4978785545966264
GTF2IRD2,0.4977954683571049
TVP23A,0.4973620703257139
NECAB2,0.4970485016391956
ADGRA1,0.4970231986887324
TSC22D4,0.4969866478725613
SLC24A5,0.4967905338952499
TMEM266,0.4967905338952499
B3GALT6,0.4965660997484425
MDM1,0.4964399734702909
RND3,0.495805523421802
AJAP1,0.495805523421802
HAS2,0.495805523421802
CYRIB,0.4955764018597154
CEP162,0.4955157267847312
CPA6,0.4955157267847312
CHRM3,0.4955157267847312
LRRC4C,0.4953820402498436
TLL1,0.4953820402498436
FOCAD,0.4953183967325591
MEOX1,0.4951368492593995
SGCG,0.4951247596468275
PLET1,0.4951247596468275
TRIM51G,0.4951247596468275
UQCRFS1,0.4951247596468275
NR2F2,0.4951247596468275
CASP10,0.4949700697443153
GORASP2,0.4949687841699994
ANK2,0.4948129482226824
FARP2,0.494762327485489
ARMT1,0.4947369981654008
NCOA2,0.4944224602671171
PTGIR,0.4941541794109835
UBASH3B,0.4937728145003571
SSU72L6,0.4935296996035135
ATP10B,0.4935296996035135
C5orf15,0.4932592592853705
MBNL1,0.4932099681500856
AEN,0.4930548782414778
MPI,0.4930262713052537
ARHGAP27,0.4928808026149677
SERTAD2,0.4927549485509767
PPEF2,0.4926722992625482
ARL4C,0.4924522237589663
RHOJ,0.4922690172810015
RCOR1,0.4919722575924795
LAG3,0.4914850076494358
CELSR1,0.4914601879304256
ZEB2,0.4908867897886721
KLF4,0.4905483266151005
PLPP1,0.4904246864008517
IFT46,0.4901248000627779
LTBP3,0.4901005907077946
CIMAP1B,0.4896938643740985
HRNR,0.489654586359864
MERTK,0.4894474249046907
SRP54,0.489376985874547
HERC2,0.4891628708624102
SH2B1,0.4890520165519338
CNTNAP4,0.4888048853513946
POU2AF1,0.4887611246199459
G3BP2,0.4887129788950498
MSX2,0.4881020224777243
CDC42EP3,0.4881020224777243
MANBA,0.4879397963638456
ASXL1,0.4878278237184904
UNC13A,0.4877943649740096
LYN,0.4877647091972265
ANKZF1,0.4875604996845201
SAT1,0.4875604996845201
ITPRID1,0.4871890338964135
ARHGAP12,0.4870821972492316
TMEM116,0.4870669407295541
MIER1,0.4869688160170263
IL17RD,0.4868679186731187
SMG7,0.4868037858993924
TMEM174,0.4867169563644225
CX3CR1,0.4863843250254259
PPP2R3A,0.4860984888962936
ADAMTSL1,0.4860984888962936
SPRY2,0.4860984888962936
DKK2,0.4860984888962936
FGF16,0.4860984888962936
RPS23,0.4860984888962936
ANGPT1,0.4860984888962936
TUSC1,0.4860984888962936
LRRC58,0.4856880385417361
KCNA1,0.4856880385417361
AGPAT5,0.4852775860509441
ZGLP1,0.4852603131703593
MDN1,0.4852448456439858
HMGA1,0.4849503148936838
IL1F10,0.4847851761126724
SPC24,0.4847456251815122
ABHD17C,0.4846820353112053
LYPLAL1,0.4844109550459305
TMEM86B,0.4842598299578938
JUND,0.4840116002296024
DMRTA2,0.4839922014546353
PPIP5K2,0.483899717049325
TRPC3,0.4838579026343392
NBDY,0.4837187035982192
RAN,0.4833137146670105
RUBCNL,0.4831627916718177
CDKN2C,0.4831087565586684
SLC2A4RG,0.4830774394305608
STARD10,0.4830375717836554
RGS22,0.4829890368547015
KCNS3,0.4828130235375695
CLEC1A,0.4826982314993789
MYNN,0.4825943699872577
MUCL1,0.4824592025469598
CDC14C,0.4822705005368045
CNTN1,0.4821509403868556
C10orf90,0.4820013464202723
GAL3ST2,0.4819197723249409
CDH20,0.4816079312375704
SERTAD4,0.4812468145673047
PPP1R3A,0.4808792508442264
RGMB,0.4808792508442264
ZNF248,0.4808792508442264
RASSF9,0.4808792508442264
SYT10,0.4808792508442264
DAAM1,0.4808792508442264
NPVF,0.4808792508442264
METTL4,0.4808792508442264
ZC3H15,0.4808792508442264
GPAM,0.4808792508442264
SPATA31D1,0.4808792508442264
NOX3,0.4808792508442264
MAGI2,0.4808792508442264
JARID2,0.4808792508442264
LINC03051,0.4808792508442264
STEAP1,0.4808792508442264
TACR1,0.4806181434645929
ZFP42,0.4806082717500849
TMEM258,0.48055715124954
DDC,0.4805564169576901
ACVR2A,0.4803695989311555
BMP2K,0.4803384370089538
RFTN2,0.4801973914965654
PDCD5,0.4800099644679736
CFH,0.4799502299640218
GSDMC,0.4798404433538059
MARK1,0.4797017108718976
B3GALT5,0.4797017108718976
DAD1,0.4796971937506555
CYFIP2,0.4789894961138013
TMEM67,0.4789756981771881
EN1,0.4785489530307014
HDAC9,0.4785489530307014
ALG10B,0.4785047853883566
C1orf174,0.4784676359587069
LRRC7,0.4784676359587069
ZSWIM2,0.4783911878261638
CD300LD,0.4780713172180518
ZC3H11B,0.4779714732815914
RFC3,0.4777453997679617
PIK3R1,0.4777453997679617
RGPD4,0.4777453997679617
IGF1R,0.4777453997679617
ETAA1,0.4777135772662481
KLRG1,0.4774342951916486
TMOD3,0.4774117387324125
RBM26,0.4772677227862407
TOM1,0.4771887699266889
REPS1,0.4771373593285544
STARD6,0.4771267386109905
CA8,0.4770628122920375
RETNLB,0.4770263918779968
TOB2,0.4768997676325356
UNC79,0.4762493012596107
TXK,0.4758634027856758
RAPGEF3,0.4758546088814724
ADGRF5,0.4757368028172956
GPR19,0.4754643958682689
CPNE8,0.47507173679868
GRID1,0.4744985963592343
ASIP,0.4744765721804083
MAL,0.4744441420073648
NPEPPS,0.4739697167868436
RNF135,0.4739332911799886
CCDC198,0.4739249911282806
LHX4,0.4739048524076278
SAMD5,0.4739013989293882
KLRK1,0.4738973494502139
FUCA2,0.4737827594279279
RAB44,0.4737024268905214
OS9,0.4733319387828243
CCR4,0.4732158360989436
RERGL,0.4730760960126253
NOVA1,0.4730324008891279
FREM2,0.4730324008891279
DAP3,0.4730028621389469
CIMAP2,0.4730028621389469
ITFG1,0.4728935116801951
STAM2,0.472799171594369
ARFIP1,0.472799171594369
METTL8,0.472799171594369
POU2F1,0.4726190356451217
ZNF621,0.4722681876548535
MAP3K14,0.4719071798622429
LCT,0.4716202647817423
PPIF,0.4715776836149208
COL13A1,0.4715234782846735
TP63,0.4707794619167032
ADRA2C,0.4707169984472538
TSC22D2,0.4705719005011482
ZNF638,0.4705128790960483
MAP3K1,0.470460453154433
CLPSL1,0.470388742627954
PRR18,0.4702478749875821
CCDC170,0.4701556319446339
NR1D2,0.4698200597146632
ANKRD44,0.4694534062271919
AIM2,0.4692553872591886
CILP2,0.4692506578567417
AIMP1,0.4690290989006968
GCFC2,0.4686214239098927
UFL1,0.4684173081119619
ANKRD7,0.4684173081119619
NRIP2,0.468356073772534
NARF,0.4681573034453143
ACP3,0.4681557557214152
ADGRE1,0.4680420977331724
DUSP16,0.4680233507363698
DSE,0.4675829207121165
NADSYN1,0.4674926995645707
ADGRG6,0.4674067447218709
SPDYE21,0.4673687939793028
B4GALNT3,0.4672396379552115
TPTE,0.4668620204802147
CCR2,0.4665486971881019
HDGF,0.4664291346051569
PRSS51,0.4662614190003857
PEX13,0.4661626715632158
ADAMTS16,0.4660577729577067
DNLZ,0.465986657043762
ETV3,0.4657181160011232
TNFRSF10C,0.4653226494771959
ADAMTS6,0.4653226494771959
ANKRD28,0.4651167903707284
TECR,0.4648323053998133
SKI,0.4647301164201297
USP46,0.4645349029629279
SOX11,0.4645349029629279
MBD2,0.4645349029629279
TYRP1,0.4645349029629279
FSIP2,0.46436267379999
ETV1,0.4643565259300454
EQTN,0.4638817570866302
ANXA6,0.4638807967402488
SLIT3,0.4635924806965789
SENP6,0.4635485816515781
TMEM179,0.4635450053813379
TRAPPC8,0.4633975112509034
FOXB2,0.4633500394999194
FCGR3B,0.4632904757085375
UGT1A6,0.463257839482311
C19orf47,0.463257839482311
SIT1,0.4627662677105876
STK24,0.4627049941965843
BMP2,0.4626895257518423
KLRC3,0.4626025164111472
FBXW8,0.4621131500991389
LRRC52,0.4620650145726838
RAF1,0.4620291543419317
GIMD1,0.4619130525923526
GPR149,0.4617562906025695
CEBPG,0.461181380746502
MRTFB,0.46090449542205
ARHGAP45,0.4602564043396275
TRPM3,0.4602251796291252
NCAM2,0.4602251796291252
FAT1,0.4602251796291252
PLSCR5,0.4602251796291252
CCNH,0.4602251796291252
NBEA,0.4602251796291252
PTPRU,0.4602251796291252
CBLN1,0.4602251796291252
RALY,0.4601100570926839
GPR132,0.4600776073382557
CRX,0.4598719630561569
PRPF3,0.4598719630561569
MAX,0.4598583297625556
DPEP1,0.4596527745350902
ZFAND5,0.4595405726345672
PUM3,0.4591442911889419
TRIML1,0.4590439447054689
FCGRT,0.4589871625764622
CHST1,0.4589095817593131
PYHIN1,0.4588232328228874
THNSL1,0.4586917236462264
TRPA1,0.4586100022804723
INTS4,0.4584744494725926
SOCS3,0.4584744494725926
DIRAS2,0.4582688621698604
KIF18A,0.4582227417301919
RWDD4,0.4582156445884637
CSF3R,0.4581343111728815
MSANTD1,0.4579787943968642
BOD1L2,0.4579007371768391
MARCKS,0.4578375810248747
ARRDC4,0.4578375810248747
ST3GAL2,0.4578121407005617
SIK3,0.4578121407005617
CFAP251,0.4578121407005617
ADPRHL1,0.4578121407005617
PIK3CB,0.4577937812886017
LGSN,0.4576745594225622
PJA2,0.4575979238920858
ABTB1,0.4567980450287157
ALDH2,0.4564704196171432
FRG2C,0.4563890107362776
KIF3A,0.4561406937806047
NDUFV2,0.4557231107748078
CCNY,0.4550997793952001
ITK,0.4550614524135405
LHX2,0.455052783835467
NR1H3,0.4550393433317389
TM2D1,0.454818572605154
PTTG2,0.4545619012118882
MSH2,0.4543831208375699
DIO3,0.4542587873204247
ZNF287,0.4542158844390031
FEN1,0.4538897653350646
PPCDC,0.4537526109881801
TSHZ2,0.453589612300808
FGF9,0.453589612300808
CELF2,0.453589612300808
DCN,0.453589612300808
PTPDC1,0.4534283948766776
TM9SF2,0.4533140008972858
C18orf54,0.4526839418930327
MRM2,0.4525039723206439
NUDT1,0.4525039723206439
STMND1,0.4512787711481636
CCDC169,0.4511569296806278
PPIL3,0.4510858663265147
XRCC2,0.451077252094601
RAMP3,0.4509232953640774
AMD1,0.4509232953640774
MEP1B,0.4509232953640774
OR6J1,0.4509098019230731
SDF2L1,0.4509098019230731
ZNF76,0.4508483079364684
NAGK,0.4505623806326065
CHST9,0.4504790931374736
NSL1,0.4503723470650477
GPR12,0.450275465621436
IHO1,0.4500860703897243
UBAP2,0.4500463851046023
SUDS3,0.4500429843572353
ADAM15,0.4495262726636352
KCNJ5,0.4484605284656831
PITX1,0.4484564573271916
S100Z,0.448400857583031
TNFRSF21,0.4479229618313313
ABHD4,0.4475819606911195
VLDLR,0.4472087495262016
SRPK1,0.4471170707955845
RCHY1,0.4470604601119307
MC1R,0.4470114196814292
KIFAP3,0.4469211632618873
THBS3,0.4468241852299279
SNTG1,0.4467987086190741
MYT1L,0.4467987086190741
MBL2,0.4467987086190741
SGO1,0.4467987086190741
TMTC1,0.4467987086190741
IRX1,0.4467987086190741
ARL6IP6,0.4467987086190741
PGRMC2,0.4467987086190741
PNPT1,0.4466805383189284
AK4,0.4463901532849973
SLC30A7,0.4460492970006195
DDX5,0.4460001545343084
LIFR,0.4459107222312471
RPAP1,0.4456440068324933
HCLS1,0.4456187613376165
MAP4K3,0.4454092191809993
DUSP5,0.4453347802254822
ERBB2,0.4452099149274697
TBX20,0.4451839721655516
SELL,0.4450715969032106
MPPED2,0.4445376472774538
RNASEH2B,0.4444320236812192
SLC17A4,0.4442427354379732
ATP10A,0.4439020906026286
PRRX1,0.4436873741025684
KDELR2,0.4435132937034429
GPATCH11,0.4432886341395153
SKOR1,0.4432485595370968
SERINC3,0.4431943168626152
WBP2,0.4430254706631417
GSE1,0.4425150450149837
ITLN1,0.4425083492053551
NEMF,0.4424120921601759
KANK2,0.4423709041327068
ETFA,0.4423193594541734
LRCH1,0.4420913031333828
KRTAP19-8,0.4420136275302464
SPATA6,0.4420136275302464
DDX59,0.4419500098134027
ANKRD50,0.4416815282319978
USP38,0.4413111480929422
NUDT12,0.4413111480929422
FRMD4B,0.4413111480929422
TOX,0.4413111480929422
NPS,0.4413111480929422
LRATD1,0.4413111480929422
SYNDIG1,0.4413111480929422
FSTL4,0.4413111480929422
APOF,0.4412809299116171
DPRX,0.4410777374708394
TBX6,0.4410088038985127
PRKD2,0.4406723299527147
FTCDNL1,0.4403054642781023
MYOZ3,0.4401975326474415
SEC24A,0.4401975326474415
PLD2,0.4401608775272578
XPO6,0.4401026672276713
FAM227B,0.4394441614863137
NOG,0.4390782084389549
CCDC54,0.4390396211752915
RELT,0.4388848048083684
CYTH3,0.4387906937923969
GKAP1,0.4387906937923969
NXN,0.4387906937923969
WDR38,0.4381682186781158
TP53INP1,0.4381682186781158
ZNF644,0.4379899269796848
KIAA0930,0.4373151257872097
TTC19,0.43723093035117
MEI4,0.436893249888629
ZNF746,0.4368855119616158
FAM180A,0.4368026916878291
ADCY1,0.4367002837441853
C14orf180,0.4367002837441853
EDNRB,0.4367002837441853
LINC03040,0.4364390152316885
PPP2R2A,0.4363634571495318
THOC3,0.4362748857055408
POM121L12,0.4362577865960725
BRD1,0.436045421066851
PRR15L,0.4356390378354179
PER3,0.4355571445074231
RDH16,0.4353753296196647
BMS1,0.4349966392458201
ELK3,0.4349760789988559
BCL3,0.4349025024089039
CSTA,0.4346976218713189
IL20RB,0.4345830743137363
SHISAL1,0.4345250455930293
NAF1,0.4345107038966134
ZNF467,0.4342748580850866
MFSD13A,0.43424026058494
ARHGAP32,0.4341571117955484
RAB3C,0.4341571117955484
SCN1A,0.4341571117955484
TRIO,0.4341306345045751
MAGEC2,0.4341306345045751
SNX2,0.4341306345045751
STEAP1B,0.4335284756128693
MSX1,0.4325100011510812
USP36,0.4324765837568206
ATP6V1C2,0.4323323563485318
MXRA8,0.4319771748522253
NAT8,0.4319102422943453
REV1,0.431472766302135
SLC22A16,0.4314104552961482
LRTM1,0.4310972065913353
PTPRK,0.4305847646686498
LRMDA,0.4304022004403305
ZNF18,0.4302261362934604
SIVA1,0.4302019796175285
ATXN7L3B,0.4301394197180002
ZNF385D,0.4301394197180002
AEBP2,0.4301394197180002
GOLIM4,0.4301394197180002
CNTNAP5,0.4301394197180002
SEPTIN9,0.4301251567664207
ZNF568,0.4291186544183662
UCP1,0.4289612889945021
C5orf46,0.4289612889945021
AP1AR,0.4285428589265187
ASAP1,0.4282226530253117
KCNH8,0.4279855983614345
FCER1G,0.4277241360537485
HPSE2,0.4272845394896974
EXOC2,0.427269203691957
NR6A1,0.4272474840271425
SPATA31D4,0.4265160687757115
FOXE1,0.4263641535036497
TSPAN9,0.4262829482806988
C1orf185,0.4261907555657546
ZC3HC1,0.426049437652204
GGTLC1,0.425836113984828
ITFG2,0.4256544695747432
ITGB4,0.4255515583281347
FMNL2,0.4255515583281347
ITPR1,0.4255515583281347
USP13,0.4255275562833809
BDNF,0.4251073287669156
OR4C45,0.4246976865761765
USP24,0.4246976865761765
CEBPB,0.4243082932426704
GAL,0.42426453646446
SLC38A1,0.4240390704294553
GPR83,0.4231245921685529
APOBEC4,0.423092880594174
CSNK2A2,0.4227756056997834
LIMK2,0.4226388685556605
AP1G1,0.4226388685556605
MAP2K6,0.4224387047531268
SKAP1,0.4220010320724708
GNG2,0.4219945835719004
PPP1R3C,0.4219045251534631
UNC13C,0.4218889534341048
DIRAS3,0.4218889534341048
NECTIN1,0.4218496010387855
PHF1,0.421198793033628
PLA2G3,0.4210474685390097
OR4A5,0.4210274381228299
TRABD2A,0.4206747292570678
PPP1R17,0.420399765534925
GSTA5,0.4203203440194972
IMMP2L,0.4202375094280919
DCTD,0.4202375094280919
PSMD5,0.420153874492111
OSGIN2,0.4200908161073109
ASS1,0.4195460416114164
SNX32,0.4194784425010923
SBF2,0.4194753905355685
SLC25A24,0.4194479377869164
EFEMP2,0.4192612625337332
HSPD1,0.4191247452586386
PLEKHH2,0.4191073583767999
SEH1L,0.4190064231291531
DAOA,0.4187693889589496
PPARGC1B,0.4186629826687765
IFT22,0.4182009974459328
EFCAB13,0.4181391982817367
ADAT2,0.4179435996409366
ADAM29,0.4178621867733965
ADCY9,0.4176049130218059
UBE2L6,0.4171278779210625
SLC26A8,0.4170879072429259
NIBAN2,0.4166128109689493
SERPINB7,0.4163210977123223
IRF7,0.4162083399138954
IL17RA,0.4161201320287072
ITPKC,0.4157193347939487
GUCA2B,0.4156676322737212
RMI1,0.4155909048779975
RRP15,0.4155743454293685
FOXK2,0.415410528658922
CKAP4,0.4148259634525611
CPHXL2,0.4145930953430271
FNDC1,0.4143884572324627
RBM43,0.41430928328749
BRPF3,0.4135905155220185
DEAF1,0.4135719784110669
RPGRIP1L,0.4134730391942034
TULP1,0.4132493361237532
LZTFL1,0.4130639290490491
EMC8,0.412368238607426
COX4I1,0.412368238607426
RTP5,0.4122471732673589
AQP7B,0.4120145725319064
HECW1,0.4119088720515811
SPDEF,0.4116944576653143
ANGPT2,0.4115043800854707
PPA2,0.4114889995713139
FAM20B,0.4114270643387612
EDARADD,0.4112946479872973
MED7,0.4105688390213463
C2CD4A,0.4103435580165501
SCYGR8,0.4100574915158274
KRT24,0.4099100997087585
CD40LG,0.4096202740749843
MAN2A1,0.4086468140550156
DIO1,0.4085931381218633
CLN3,0.4082677716414992
STIP1,0.408152847575439
JUP,0.408152847575439
CARD18,0.4073296233496072
PIK3C2B,0.4070794908639161
OAS1,0.4068555170199129
SCAF1,0.4063806764912779
COL28A1,0.4058934704089393
HAUS8,0.4052963950345725
S100P,0.4052170233569099
TNPO1,0.4050037079942046
RTL6,0.4048819845814781
UACA,0.4047218668942583
FOXF1,0.4046435573229132
LIME1,0.4042654552971884
ENSG00000293569,0.4041595728667427
DZIP3,0.4041152022512855
UCKL1,0.403890725549503
ENSG00000237378,0.4036340089019185
ZHX2,0.4035573364292242
GDA,0.4035573364292242
UBE2H,0.4035573364292242
CDKN1A,0.403198222640943
TMEM71,0.4031137323643964
VMP1,0.4030989647633862
SYCP2,0.4030524216889246
RPS9,0.4030331146924003
ITGB1,0.402731748335562
PXT1,0.4026916804474715
GSC,0.402676617190527
CISD1,0.401981736419665
VAMP3,0.401876463187326
KLF10,0.4017531758023848
CCDC174,0.4017531758023848
APEH,0.4015664764448057
OSBPL7,0.4012389829377401
CSK,0.4011386213020372
PGAP3,0.4008606572377328
CHD7,0.4007195775467875
UBE2V2,0.4005406138381651
CEP89,0.3999299213798064
GHITM,0.3999152144037298
WIPI2,0.3998887602237689
COQ2,0.3996059445020955
ENSG00000288712,0.399480892693717
THUMPD2,0.399480892693717
EGLN3,0.399480892693717
KBTBD8,0.399480892693717
TMEM51,0.399480892693717
SLC7A1,0.399480892693717
FOXK1,0.399480892693717
TCEA2,0.399455013877965
MTHFSD,0.3993175507368507
ADORA2B,0.399238586248866
OR8D1,0.3984208426682735
ERN1,0.3983738688767095
ACTR1B,0.3982433402304466
NEURL4,0.3981450865697808
ASXL2,0.3980525135003254
GTF2H1,0.3975105154969098
ANKRD16,0.3974867669264054
TPRG1,0.3972780139131576
RPL19,0.396205300273155
PPM1F,0.396205300273155
PRKCSH,0.396205300273155
DRGX,0.3955663116084318
IFNE,0.3926196814989712
CSF2,0.3922844418980623
SEMA3E,0.3919564895214975
PPP1R3B,0.3919037112266011
SPMIP9,0.3911525893973466
AMZ1,0.3910096218120383
BBIP1,0.3905633959390576
GMEB2,0.3904397144275525
SLC9A3,0.390285870733786
NLGN1,0.389638421491168
LHFPL6,0.3895686899449381
FOXI3,0.3892236207088793
SPATA6L,0.3890072833745513
IFITM3,0.3887141250624647
GCA,0.388379178876738
RIOK2,0.3879487964417054
ELOVL3,0.3877223518086194
OR10G3,0.3867048120682473
MFF,0.3866636532904301
CAMK2A,0.3863760434877282
RNF141,0.3863698628487438
ETS2,0.3862010472889952
AP5B1,0.3859651834443445
SIDT2,0.3857040380605637
CD151,0.3853829905994653
KRBOX5,0.3853829905994653
SPON1,0.3847907225142782
MOB4,0.3845561224137214
GDF10,0.3839505004262498
RAB12,0.3835545528747264
NDRG1,0.3835392090516327
SCGN,0.3834254544715622
TRMT10B,0.383305470724593
ITGAX,0.3832131957384586
COX5B,0.3832035049612087
FAM217B,0.3829891136701271
PRICKLE1,0.382832548623917
CELA3A,0.382742883841051
CD8B2,0.3827041722405611
SGF29,0.3822976161954832
PLXNB3,0.3818142094424532
HCFC1,0.38180649639073
GRM4,0.3814718971821935
C10orf95,0.3811404103575276
MIIP,0.3808285348345424
BAZ1A,0.3803250996687556
RSU1,0.3799959024893117
IRAK3,0.3799567485072632
AKT2,0.3794530936321185
JKAMP,0.3794329753634451
PNMA2,0.3790021806593351
C7,0.3789228432368367
STX1B,0.3785648816860781
BATF3,0.37756904849152
SDE2,0.37756904849152
COL4A2,0.3770888155194815
SH2D2A,0.376962896977591
SF3B1,0.3767835012416667
HSPE1,0.3767835012416667
COQ10B,0.3767835012416667
FBRSL1,0.3767541940415361
PMAIP1,0.376573598757803
MYLIP,0.376573598757803
KIF23,0.3764533624936722
HES1,0.3758714952453645
CCND2,0.3758517767815431
GIPC2,0.3757306513170727
NBL1,0.375669000551532
SLC1A2,0.3753727115189506
DHX35,0.3749124951747433
FOXC2,0.3746719280556026
VCAM1,0.3745551427312381
WNT2,0.3742569375405892
ZFAT,0.3742151798631534
VANGL2,0.3740560526994138
DNAJB6,0.3740197166115474
DET1,0.373298103442462
PDE4A,0.373101913363731
PPP4R1,0.3725364033561636
GNPDA2,0.3719932641257063
NF1,0.3718902964373565
KIAA0319,0.3718902964373565
CNTNAP2,0.3717084054946382
RIBC2,0.371127877068571
BMP8A,0.3709443841073548
B4GALNT2,0.3705241014555266
EXD1,0.3704610714070204
BRDT,0.3704292593122312
BRAP,0.3701718931875057
MNDA,0.3701365518033582
FAR1,0.3699986534359417
PPM1G,0.3697556387666093
TLE4,0.3694423191496652
TBC1D1,0.3694042193388011
MSR1,0.3693520108692507
NXPE3,0.3692677275809261
CYP4F8,0.3692287227455025
SLC52A3,0.3690885262039409
DMRT2,0.3687717669643442
SMIM3,0.3687445375827785
GAB3,0.3687022468681158
CCNI2,0.368515971058503
MED15,0.3685054605702347
CRIPTO,0.3675325666917866
SLC35F4,0.3674546709175841
GP2,0.3668383772638522
FCRLA,0.3667795595780741
PPP2R2C,0.3667795595780741
FCAR,0.3664527453156843
RAET1L,0.366231698819256
LAYN,0.3659310244287486
ACTR3C,0.3656922882342525
CFB,0.3655533237325324
DTWD2,0.3653020750731642
PARM1,0.3653020750731642
CTDP1,0.3649876175016714
POMGNT2,0.36491171599961
KCNMB4,0.3642212532906824
EBF1,0.3640455967774232
EZR,0.363972656715439
DLGAP1,0.363656349400548
RNF19A,0.36359519365075
SOX9,0.3635911961138885
CACNA2D1,0.3635911961138885
PANK3,0.3635911961138885
UBE2E2,0.3630399810519125
COX7A2L,0.362886000598391
PAX6,0.3628785494438784
PLA2G4A,0.3628127197901791
NFIB,0.3628127197901791
FAM98A,0.3628127197901791
EEF2KMT,0.3628127197901791
RAB28,0.3628127197901791
SLC6A15,0.3628127197901791
FOXL1,0.3626860465098523
SPATA31C2,0.3626512007178286
CAAP1,0.362471820434408
NDUFA13,0.3620845008172368
SNX8,0.3620794290211545
LIX1,0.3620794290211545
PNPLA8,0.3620794290211545
NAPG,0.3620794290211545
KATNAL1,0.3613186283097966
GSDMA,0.3602344611951621
IRF2BPL,0.3599737888122907
PRTN3,0.3593842610862114
TJAP1,0.3591132906228179
PPP2R5C,0.359100452187985
ZNF236,0.359100452187985
CUX2,0.3590470419182299
TPGS2,0.3584952285596824
COL21A1,0.3584952285596824
THBS2,0.3584952285596824
GRB10,0.3584952285596824
MLF1,0.3584952285596824
STK17A,0.3584952285596824
INHBA,0.3584952285596824
AWAT2,0.3584952285596824
BBS12,0.3583242380968519
TMEM39A,0.3576143915338795
HOXB1,0.3575297615818795
GAGE1,0.3573174218780127
CXCR5,0.3572174564687245
RBKS,0.3571309052210382
IL5,0.3568978069846713
ING1,0.3568380754033949
NCOA5,0.3565924138763189
TBCA,0.3562596307016638
PRIM2,0.3558091004209623
ELF3,0.3555846548557996
TEKT4,0.3553971820499588
CFL1,0.3549977893228406
HDAC3,0.3536581079222425
ALPK3,0.353235517553392
SALL1,0.3531541612614795
FUT1,0.3530737055554128
IKZF3,0.352865527835401
ADGRE3,0.3522345429509239
KPNB1,0.3511007550448978
TOP3A,0.3510966791076391
MYPN,0.3509226919031391
CTSS,0.3504628177407018
C1QTNF12,0.3501324960379288
NDUFS2,0.3497547703632267
MLDHR,0.349168332664783
TMEM161B,0.3491667896649849
MYOG,0.3491071404906939
DYNLRB2,0.3490471275307035
CRIP1,0.3490140596423206
ENSG00000244255,0.3489388386513138
DOCK5,0.3487676605066755
LAT2,0.3486379337628086
PDP2,0.3485957850411636
CLPS,0.3485186587549709
RBMS3,0.3477651240820334
CRIP2,0.3476385129039051
TMEM200C,0.3471596000385281
HES5,0.3470257253579225
SFMBT1,0.347010644226342
IRX4,0.3468608112564489
WDR75,0.3460940949684691
PPIAL4G,0.345998106050054
B4GAT1,0.3459423112624405
RHCE,0.345570011657799
FUT11,0.3454289934780669
RAVER1,0.3453325152016974
SNX13,0.3438166153681657
SLC27A3,0.3436951094372652
PTPRN2,0.3435425943541367
OR4N5,0.3435212245310131
LYRM7,0.3432397339592478
ALPK1,0.3427960361935687
MAPK1,0.3425306829824879
GPX4,0.3419058078365702
CPXCR1,0.3411407777707471
KIF20B,0.3411151142122802
ERLIN1,0.3408481875540504
FOXC1,0.3408395780424669
KAT2A,0.3405116344201811
SLC4A3,0.3397581492609412
ADCYAP1,0.3397581492609412
LRRIQ3,0.3397581492609412
CDH5,0.3397581492609412
TBC1D32,0.3397581492609412
ITGA1,0.3397581492609412
PELO,0.3397581492609412
MAT2B,0.3397581492609412
ENSG00000233974,0.3397581492609412
SLITRK6,0.3397581492609412
MCTP2,0.3397581492609412
RORB,0.3397581492609412
KLLN,0.3391167633180252
KIAA1328,0.3390943485499598
LIPJ,0.3390880602665404
IP6K2,0.3387351122419624
ZDHHC4,0.3386342879862846
MAMSTR,0.3379856826531455
RNASEH2C,0.3361863574474287
LRRC25,0.3360601921062801
DLG2,0.3357734244154002
KCTD13,0.335666152114436
HMGB1P1,0.3355682231892528
PRSS53,0.3345293159900548
RAB5C,0.3342986039994975
TEX264,0.3339992116581184
TMBIM1,0.3339672271698341
ATP6V1H,0.3335028074303234
RHPN2,0.3333020104414437
MS4A13,0.3329871538994139
NPHP3,0.3328934828917168
CDKN1C,0.3328774006513527
ATP6V0A4,0.3327753630443109
FKBP1A,0.3324808060229609
CPT1B,0.3323030988109806
DUSP29,0.3319693114397054
PSORS1C1,0.3307880880636453
FLG2,0.3307375789955987
IFT25,0.3306033074896828
IRS1,0.3305377971758678
CCL17,0.3303138497196816
SGSH,0.3302906464890848
ARSI,0.3296722996967783
ATG16L2,0.3295655444559391
GBA1,0.3294667549910541
GLUL,0.3288069505909919
TAB2,0.3288069505909919
NIF3L1,0.328634083792155
DNAJC14,0.3280175072474748
GPR31,0.3279573573425469
SCYGR1,0.3279573573425469
C8orf33,0.3279573573425469
MAU2,0.3278017504217795
SOX8,0.3277629133265682
PRR9,0.3273261311018224
METRN,0.3273261311018224
PHYKPL,0.3273001093632986
CHST10,0.3272514655012372
RPL26L1,0.3271587499300514
EPCAM,0.3270848675009353
H2AC1,0.3270835612046794
NEURL1,0.326694035654227
KRAS,0.3263909803724172
SLC67A1,0.3263768373736452
PDHB,0.3262749683038843
BSN,0.3261441074546282
CACHD1,0.3260137531452859
CHCHD5,0.3256957166784741
GNG12,0.3255437915047836
CSF3,0.3254691659492129
CDK2,0.3253462157737412
DOCK7,0.3251500012803807
MEI1,0.324542249181628
PACRG,0.3242431081913847
ERICH1,0.3242431081913847
FPR3,0.3241033489729631
PXDN,0.3237858046542612
CTF1,0.3234916100133656
SUGP1,0.3232331452262536
NIPAL4,0.3229370404785019
ZDHHC17,0.3227117196814206
ZNF554,0.3225661487705982
BTN2A1,0.3224205824534353
AZIN2,0.3220146821769497
METTL15,0.3218162691005925
SRC,0.3213436396423498
SLC26A1,0.320706838778563
RSBN1,0.3198662031096063
CADM1,0.3193764726850254
KLRC4,0.3193080414406158
SETD1A,0.3192753375830335
LMAN1,0.3183615383435114
GBGT1,0.3177363709432185
TBX2,0.3174245519476886
FOXA3,0.3171800630733496
FGF21,0.3166213480427168
ANKRD36C,0.3164977527027283
ZIC5,0.3164605733838823
LYVE1,0.3159001942939373
CACYBP,0.3156483615372276
HSD3B7,0.3155997080942518
SLC6A7,0.3155534207512733
CFAP126,0.3151032577737024
TASOR,0.3148532990462532
IL31,0.3147187900060553
NPY2R,0.314474822212188
KCNH1,0.313416226907198
MEN1,0.3133462535409939
ARHGAP10,0.3131564363650119
PLA2G10,0.3131564363650119
LARP6,0.3131564363650119
CTDSP2,0.3131564363650119
TCF15,0.3124309301016094
CEP19,0.3122856781978428
FANCA,0.3121652569373895
PBX1,0.311426907085764
GOLPH3L,0.31051981261858
KIF4B,0.3103590371533642
IGFBP7,0.3103590371533642
CBLN2,0.3103590371533642
CRIM1,0.3103590371533642
ZNF33B,0.3103590371533642
PRR16,0.3103590371533642
TMEM270,0.3103471448906559
SVIP,0.310197139473135
FCRL2,0.3098972619300305
CLK1,0.3098632142958867
CST9L,0.3098246950214882
MCL1,0.3093638496545979
TUBG1,0.3087675129033702
RASIP1,0.30870417025988
EPS8L3,0.3081854473348694
BAZ2B,0.3080530601512983
FCAMR,0.3080401116697668
KANSL1,0.3077292838989691
MACC1,0.3075641643192917
DMAC1,0.3074979568015085
RTF1,0.3073777728439757
TEDC1,0.3073385216466668
POLR1B,0.3072763563026221
SPATA31D3,0.3069477336093267
MTF1,0.3068214478632557
COQ10A,0.3066569392104833
SLC16A11,0.3063243423617912
RPS6KA4,0.3062754002248714
CHAC1,0.3060055389042555
EPS8L2,0.3058669104209937
PKD1,0.3057955872286851
DNAAF5,0.3053548438892575
SP140L,0.3048681239796396
SNX11,0.3041196453741062
RHBDF2,0.3039653988058105
SUPT20H,0.3039653988058105
ANGPTL8,0.3039653988058105
CYBB,0.3039653988058105
ATP6V1G2,0.3039653988058105
NPSR1,0.3039653988058105
CD24,0.3039653988058105
SMPD4,0.3039653988058105
MAPKAPK5,0.3037156205019581
TLDC2,0.3035598621964156
SPOUT1,0.3033686471439576
MADCAM1,0.3031458505912034
LINGO2,0.30266097281413
SCNN1A,0.3024068989352826
SKOR2,0.3023166818533185
RNH1,0.3020580901602239
MKRN2OS,0.3020343463980218
LEPR,0.3017453542701138
ZDHHC6,0.3014268009933334
PGAP1,0.3014268009933334
IMMP1L,0.3014268009933334
C1orf87,0.3014268009933334
MRPS5,0.3014268009933334
AOX1,0.3014268009933334
ACSL5,0.3014268009933334
C2orf69,0.3014268009933334
GTPBP10,0.3014268009933334
FAM237B,0.3014268009933334
LYG1,0.3014268009933334
HTR1B,0.3014268009933334
BZW1,0.3014268009933334
ZNF2,0.3014268009933334
ZNF514,0.3014268009933334
MAIP1,0.3014268009933334
KCTD18,0.3014268009933334
TYW5,0.3014268009933334
TXNDC9,0.3014268009933334
EIF5B,0.3014268009933334
ZNF892,0.3014268009933334
ELL,0.3011582723370439
ATP8B2,0.3010174661089617
DDR1,0.300869008673776
SNX5,0.3006971961962916
BANF2,0.3006971961962916
PPIAL4A,0.3006971961962916
ZNHIT3,0.3001176037124706
HSPE1-MOB4,0.2999553687058024
CCDC157,0.299886669680061
AGPAT2,0.2998496174041888
BFAR,0.2998451784266808
ANO10,0.2996317938582095
ENTHD1,0.2995581797489947
ATP5MG,0.299007623979216
ZNF468,0.2975052123911311
PDIK1L,0.297290759722417
ADAMTS9,0.2969737653969747
E2F3,0.2963811690254389
ZNF496,0.2962658644606676
PITPNM2,0.2961546755007587
GPR142,0.2958592150372555
SH3GL3,0.2953898278108755
LINGO4,0.2952193119760994
ENPEP,0.2951831725322233
SPATA31F3,0.2947782578404792
AARD,0.2945731238137515
CDH12,0.2943778159798893
ATP2A1,0.2936987744997981
WWC1,0.293395601730203
ALPG,0.2930309642097374
PRSS55,0.2923616015206755
CRIP3,0.2922062319122137
ALMS1,0.2918260328707092
GNGT2,0.2916437518856981
ZNF771,0.2916256472580169
TSGA10IP,0.2914147598759354
KIDINS220,0.2908914312048657
IL23A,0.290595309816842
TMEM131,0.2904624047260886
SHISA2,0.2904324175801871
SIM1,0.2903797307862594
RPL37,0.2902974015087969
SCRN2,0.2897282257931131
C16orf78,0.2896635432169236
N4BP1,0.2896635432169236
SMCHD1,0.2896635432169236
MICU2,0.2896635432169236
HDHD2,0.2896635432169236
RPL14,0.2896635432169236
IER3IP1,0.2896635432169236
MRPL19,0.2896635432169236
TPST2,0.2896635432169236
SRSF4,0.2896635432169236
CYCS,0.2896635432169236
SPMIP4,0.2896635432169236
ZNF619,0.2896635432169236
ALG1,0.2896635432169236
GOLGA6L4,0.2896635432169236
PLSCR1,0.2896635432169236
FGF20,0.2896635432169236
LUM,0.2896635432169236
MTUS2,0.2894980958005064
CSMD3,0.2894980958005064
ROBO1,0.2894980958005064
CCSER1,0.2894980958005064
NPAS3,0.2894980958005064
RNFT1,0.2891892364676728
LEO1,0.2888880913087041
CALHM6,0.2885559575756636
TNS1,0.288250661744288
PRELID1,0.2880932563246204
CREBBP,0.2879844946587177
SGTA,0.2878068600638053
SLC1A5,0.2873799889186371
DEFA3,0.287250334297733
SBK1,0.2871854741940876
PLA2G2C,0.2869289653127352
TMEM259,0.2863338755309624
RPS6KB1,0.2863224192847137
PHIP,0.2862794297568989
SMTNL2,0.2860033399409101
GNB2,0.2858489085041016
SYNGAP1,0.285330156049217
CNNM3,0.2850177913903792
PLEKHM1,0.2849173590732781
WNT9B,0.2846585028320496
ACTN3,0.28457961722438
SCYL3,0.2843619998983218
GLYATL3,0.2842128307829973
FCHSD1,0.2838279648045813
ARHGEF17,0.2835115139767497
SDR9C7,0.283498903866092
SULT1A2,0.2834778715186336
HIF1AN,0.2827119469412965
NELL1,0.2827081676918568
STAT5A,0.2824753340509586
ZNF518B,0.2817207703735118
LILRB5,0.2811770971856944
MED1,0.2800762234828449
HLA-DRB5,0.2798351214699461
FUT8,0.2787202088471137
GPR18,0.2785315832575961
FIGNL1,0.2782840125821002
FAM171B,0.2778216134077289
ANKRD36,0.2768084919155408
CNPY2,0.2767691832494997
RRM1,0.2762963968841361
PDSS1,0.2762624114450101
MEF2C,0.275680463129148
TYMP,0.275640485945667
ZAN,0.2751770319425229
SLC44A2,0.2750519598705975
IL6ST,0.2749488552480781
PIM3,0.2746461914903744
LRRC37A2,0.2739557327283651
SMAD7,0.2738306676693008
HR,0.2738207761996753
CYB5B,0.2737568201394088
COL2A1,0.2735634763274958
METTL27,0.2732480227834012
AVIL,0.2731834482923633
MPHOSPH9,0.273135777712044
DNALI1,0.2730354324443865
ACO2,0.2720962033826624
RET,0.2719983710313994
PDCL3,0.2719570878084253
CACNA2D3,0.2715804420130513
PCMTD1,0.270712140489625
UTP11,0.270584257361161
FHL3,0.270584257361161
ZGPAT,0.2705711189467353
ITIH4,0.270475306097644
FBXL17,0.2704554017836834
LCE3B,0.2703928672149235
ACTMAP,0.2701334648090457
OTOGL,0.2699298356701799
CHRNA5,0.2697369665918316
SHISA5,0.2697344842328283
MXRA7,0.2696186984602897
ESRRG,0.2691998779038393
PDIA3,0.2691642452414534
DOCK4,0.2689799859407736
PCDH7,0.2689737920507991
DRAM2,0.268386365466802
NEURL3,0.2678814058210908
MECP2,0.2675197061084243
DEF6,0.2671551819098848
BIRC5,0.2669555387816645
SPRYD3,0.2662578975380875
SLC19A2,0.2660338944281654
VKORC1,0.2658424790487845
FXR2,0.2658424790487845
TSPAN4,0.2658424790487845
RNF212B,0.2658424790487845
ZNF416,0.2658424790487845
CORO1A,0.265452605414695
CAVIN1,0.2651045872925198
CASTOR2,0.2649827011521051
NCOR1,0.2647345752187395
UTRN,0.2646013255387366
NTS,0.263810687358018
GPHN,0.263810687358018
PCNT,0.2631982720777194
PRELID3B,0.2627139534412829
ADGRB2,0.2621969816368599
CS,0.2618422201397917
ADPRH,0.2618076465095484
VWA1,0.2614039261357332
MAGI1,0.2611395541649821
ESR2,0.261105970561948
CLIP4,0.2611002533270926
CA6,0.2609153154910508
RIPOR1,0.2604427616118671
MAGEB2,0.260433491384373
ARGLU1,0.260433491384373
NRXN1,0.2602278255607062
NPPB,0.2601585753873326
FAM72C,0.2600856963841076
TTLL10,0.2600606392475301
SP110,0.2599713153759911
CDH23,0.2598130925369692
TAF3,0.2597623775380052
BNC2,0.2596766726912723
RHD,0.2595814220852061
PSMB6,0.2594001992055817
FBH1,0.2579175896632644
PARN,0.2570059879439834
RPL11,0.2567082683856083
MED9,0.2567082683856083
PSMB7,0.2566451104938341
C10orf105,0.2564307866208027
TWF2,0.2552177964652183
RBPJ,0.2552176209046934
DACT1,0.2550618420046509
POU2AF3,0.2546748473195966
GIGYF1,0.2544398454447156
CD180,0.2540660123570082
UBAP2L,0.2540581135869672
SYN3,0.2537539810000248
RBMS2,0.2535145767037782
MCM6,0.2534667209924984
MSGN1,0.2534171064976266
GATA2,0.2528130533351865
CHD6,0.2526236554536083
TIFA,0.2520835531657128
PAX4,0.2515338124703893
MUC1,0.251328100311136
ZFP64,0.2501445770994066
PROK2,0.2501445770994066
ZNF25,0.2501445770994066
HADH,0.249544190767133
EPPK1,0.2493515589778682
NDC80,0.2492571249320502
BCAS3,0.2489615014858502
ISL2,0.2486610957097828
SLC6A16,0.2480661901924503
CTNNB1,0.2476024511675969
TOPAZ1,0.2476024511675969
ALX1,0.2476024511675969
SGSM3,0.2474708703657272
KCNH5,0.2474397692292428
RASSF6,0.2470177177345387
PLIN1,0.2470019990251333
SLC12A5,0.2461118822850136
OR52I2,0.2457259600355924
FAM3A,0.2450594738894329
PRSS57,0.2450594738894329
ANO2,0.2448780230757193
ZBTB9,0.2448298016323213
TXNDC2,0.2447637391526118
UBN1,0.244193731157352
SCYL1,0.244193731157352
TPSD1,0.244193731157352
WDR18,0.244193731157352
DRD4,0.2440495231359633
EFNA1,0.2438100798644543
CD63,0.2436528664910426
LURAP1L,0.2435111308463736
POLG,0.2431723190446484
CAV1,0.2431723190446484
POLGARF,0.2431723190446484
NALF1,0.2431275650014713
ZC3HAV1L,0.2426218131184942
NAA38,0.24260681278505
HGH1,0.2423501392032431
BTN3A2,0.2422240877885869
RNF8,0.2417098459464781
NUDT14,0.2414568885330004
PHETA1,0.2413952582362954
FFAR2,0.2412318410992614
DCDC2,0.2407635997083863
CD2BP2,0.240754811715101
TSPYL5,0.240719769668096
ABHD16B,0.2405136710553841
VAPB,0.239714391513317
DEXI,0.2395035293397581
KMT2A,0.2394878134752657
CFAP263,0.2393901187071588
KCNQ1,0.2391889970552959
ATAD3B,0.238856098344374
ARID3A,0.238294859319404
ARG2,0.2382068565692728
CACNG8,0.2378326077779336
ZNF594,0.2378326077779336
BRPF1,0.2378326077779336
OR2M2,0.2378326077779336
POM121C,0.2376846087688186
PROX1,0.2375790123175797
PHF3,0.2375790123175797
GPC6,0.2375790123175797
MCPH1,0.2375408629561564
TENM4,0.2375041595892283
RASSF7,0.2371005147192255
SUCLG2,0.2363767489716856
OCA2,0.2363486427932602
RNF144A,0.2363331279852037
PCDH15,0.2363331279852037
CADM2,0.2363331279852037
NDUFA4,0.2363331279852037
TBC1D22A,0.2363331279852037
MED13L,0.2363331279852037
CLYBL,0.236227370447236
GLI1,0.2357289924599964
MEIOSIN,0.2357154797962605
PLEKHS1,0.2356672574097437
LIPF,0.2354231316593949
NMS,0.2351043939955238
CDK2AP1,0.2347056450618064
SCAMP3,0.2344272810660436
KLF11,0.2341873315738187
CEP170,0.2334571807192465
TNFSF12,0.2333813095695931
SON,0.2333274454816885
SPDYE5,0.233210486917954
MARCHF7,0.2328491784551975
DENND1A,0.2328158859240194
CRYBB1,0.232633774685667
CD3E,0.2325439515092809
ADAM12,0.2322535988580985
IRAK1BP1,0.2322535988580985
DDI1,0.2322535988580985
SNTN,0.2322535988580985
SMUG1,0.232226420296381
KRTCAP2,0.2321759517603706
CRB2,0.2320935440897197
LRRIQ4,0.2312302058339105
NAA40,0.2310543158038492
STX4,0.2308553125962564
FBXO43,0.2307591492034643
HRAS,0.2304459468567262
ANGPTL6,0.2299949478957663
APCDD1L,0.229957327647627
LRRC34,0.2297590117932363
RMP24,0.2284912987053313
HSCB,0.2279225232933075
IKZF4,0.2277631420225389
LRRC49,0.2274901105926417
FSCN1,0.2272775757248818
TLR6,0.2270153284905676
IQCN,0.226786935992221
SCAPER,0.2265826913258801
ERC2,0.2265826913258801
LY6G6F,0.2260648486538772
CIP2A,0.2258813779357114
CLINT1,0.2255889774630904
LMX1A,0.2255889774630904
ST18,0.2250825442103927
PRPF18,0.2249029583053221
MON1A,0.2248095863908096
GRINA,0.2247229098585643
DMWD,0.2241026953655656
HCN4,0.2240673719767927
HDGFL2,0.2239949829589894
SLC39A2,0.2238930586619628
SANBR,0.2236401429226041
PODXL2,0.2233518256620794
CEP57,0.2227036640379942
SEPHS2,0.2225673066822437
FIBP,0.2225146988484129
PSMB9,0.2223687330282018
PVRIG,0.2223227342949555
NAP1L5,0.2220650585815587
WNT5A,0.2220650585815587
MPV17L2,0.2219056922838768
PGD,0.2216207399482548
IQGAP1,0.2212629159769973
SH3YL1,0.2212235458393714
SLC34A1,0.220932965922952
EFNA3,0.2206259687621628
PARP8,0.2204461894373767
CDHR1,0.2197284695226071
GINS2,0.2195897132547578
RNF2,0.2195354183728204
LCE5A,0.2194915184188382
EPHA3,0.219490781489449
ATP5F1C,0.2194083881584998
STIM2,0.2193137702964361
FAM13A,0.2187348168266187
CNGA3,0.2186487626986712
NOC3L,0.2185092291491483
STH,0.218290674170865
HUS1B,0.2182440655720563
CDH1,0.2181650621760897
COG3,0.2181650621760897
CNOT4,0.2181650621760897
PRKCZ,0.2180893239674338
MIDEAS,0.2179785984313877
STK25,0.2173489978409079
CCDC102A,0.2172824064284112
SPATC1,0.217087057585707
FLNB,0.2159939592508153
ESPN,0.2159745569464101
MTA1,0.2158330662391449
C16orf74,0.2157713085699847
MDGA2,0.2154145031477161
INPP4B,0.2154145031477161
SNX29,0.2153628304046694
NT5E,0.2153505058232601
TUBG2,0.2152234958154213
DCTPP1,0.2150059943122559
STAT2,0.2149950033557324
PXYLP1,0.2146805197041965
ARFRP1,0.213989730470069
UGT1A7,0.2136633320152536
IFNA7,0.2135262233811831
ZNF620,0.213465916964879
KPRP,0.2133601363443834
TIAM1,0.2131898105787391
RNF185,0.2131755060037087
VWA3B,0.2131481715173878
TMEM272,0.2130459146173259
GAL3ST4,0.2129327941473487
LRRC46,0.2128533562205081
RNF40,0.2127581447884002
CPEB3,0.2124829190827174
ENSG00000292259,0.2120483798572314
SMC4,0.211935730358713
CFAP119,0.2118098559836209
TMED5,0.211461578811086
TMEM87B,0.2113663475463602
CPNE5,0.2112530485008274
LCE3E,0.2112079066125389
SPCS1,0.2109871850588566
CCDC116,0.2108327606744325
CDHR5,0.2107743645859195
SNN,0.2106726489337751
BANF1,0.2105403245669451
ODAD2,0.2104131460308172
PDGFD,0.2099734955771675
COX19,0.2094535356329681
LMNTD2,0.2093969091800003
RPS6KC1,0.2089116433319857
PID1,0.2089116433319857
TMTC2,0.2089116433319857
TMEM182,0.2089116433319857
PRKD1,0.2089116433319857
RBM15B,0.2087054675786509
NAA80,0.2084699635407646
DDX39B,0.2075618001329369
AGBL4,0.2072818942041438
TSFM,0.2051325745474811
KIAA0319L,0.2046965655559114
CLPSL2,0.2040214844840891
CCR5,0.2039482718766387
RUFY4,0.2037815567134647
KAT2B,0.2036265879886494
RAB31,0.2036265879886494
DNAH9,0.2036265879886494
ADAM30,0.2030640613815317
NSUN6,0.2030539489902702
ZBTB46,0.202843661563961
TMEM132B,0.2027358873216355
CAMKV,0.2023068440955569
FGF12,0.2020605136745717
H2BC1,0.2016206701256742
CBX1,0.2016126961111431
CLUAP1,0.2013892120442055
GLMN,0.2013171027959886
CHP1,0.2012552764632781
PHC1,0.200934017112364
CPPED1,0.1999421815460675
SPEM2,0.1997460224020896
TBC1D5,0.1996996670265514
PMPCA,0.1996377274254084
PRCC,0.1995504819349057
TCHH,0.199083842851796
ATAD3C,0.1990580253509531
GLUD1,0.1989284665518026
CDK12,0.1988682741266153
PHRF1,0.1986128942981632
ACAD10,0.1979944956328443
RIT1,0.1978141855498711
MYO9B,0.1975775092237768
PIBF1,0.197275687524331
NPIPB7,0.1972299252573755
TMEM177,0.1971061508931896
LY6G6F-LY6G6D,0.1968373910220046
GLRA1,0.1967754163260095
EPO,0.1967745577082891
SRCAP,0.195871519248105
SLC16A13,0.195869628120074
FAM227A,0.1958540899430711
APPL1,0.195753716830942
PPIL2,0.1955782836500547
ABL2,0.1954376435163154
RHOA,0.1946625633975764
AP3D1,0.1946447816728104
LIPC,0.1945378552357187
PAX2,0.1945378552357187
SCNN1B,0.1945378552357187
SPPL2C,0.1944527085928909
CLPX,0.194428863600139
OAS3,0.1939841409216456
CHD3,0.1932599407279748
TIMP3,0.1930582861235413
TMEM187,0.1930390767266036
TWIST2,0.1919034608935011
PAN3,0.1918308497832724
GNL1,0.191531530962549
MILR1,0.1906027835343955
C1orf122,0.1903670781373236
HSD17B2,0.1901957375803866
SEMA4F,0.1900331621831264
HLA-DPB1,0.1899783742536316
SLC44A4,0.1899783742536316
SPIN3,0.1898797585129226
BAIAP2L2,0.1898261212925688
SKP1,0.1894777285536646
RABGAP1L,0.1891577413924036
SMAP1,0.1889338096277801
TNKS,0.1888837893823776
RENBP,0.1877758805399732
LRRC3C,0.1874143847570038
ANGPTL3,0.1871508880157738
PRDX5,0.1871101854826876
KIF1B,0.1864294121910412
ARFGEF2,0.1856592486049742
ACTRT3,0.1856592486049742
KIFC1,0.1853850420624455
MUS81,0.1851423211464112
FASTKD3,0.1849821310901579
CBY1,0.1849231346074637
USP47,0.1847579924067061
ADCY2,0.184696847550928
CCDC117,0.1838904487403804
SLC43A3,0.183675500700141
CHEK2,0.1836015207392507
ARHGAP9,0.1829989647207992
CDK5RAP3,0.1829698556597979
ARHGEF7,0.1828991458988515
LHFPL5,0.1825183595422817
NKX6-2,0.1824523535247924
TBXA2R,0.1823792392834863
DNASE2,0.1823792392834863
EDEM2,0.1823792392834863
THOP1,0.1821948003422464
IFNGR1,0.1820402436664882
ZNF512B,0.1819605259186528
HHAT,0.1819604381444829
DLGAP2,0.1816508223955998
SPATA31F1,0.181517993507293
ANKRD65,0.1814751460786406
ZNF318,0.1808394747418975
CFLAR,0.1804666549817151
IL4,0.1803508379972752
YPEL4,0.1797549357591566
ANKFN1,0.1796885601301523
TIMM22,0.1795530252216752
CNEP1R1,0.1795229635545244
MECR,0.1793457797259389
GPLD1,0.1789835127514664
DNAJC5,0.1788060908359804
PSMC3IP,0.1784355387279605
SMIM13,0.1783151340205938
KPNA4,0.1782431516924534
HPX,0.1780038389033433
NPIPB8,0.1777990620140354
PPP1R35,0.1776127996139056
LRIG2,0.1773937768679662
TOR3A,0.1772007674764315
SMIM34,0.1769170211444121
CTSW,0.1765832346528735
FRMD7,0.1763765361006708
CEP95,0.1763302185696951
NCR3LG1,0.1752230424550011
LILRA6,0.1748990309454755
MLANA,0.174872076642918
KAT5,0.1745889238920352
RBM6,0.1741769670600942
KDM5B,0.1741440107751392
PSMA4,0.1741076159416622
HPS5,0.173692129777012
PPFIA2,0.173275342761944
NUDT6,0.1732711206462037
AOC3,0.1732093605041383
ICAM4,0.1730981191114542
AVEN,0.1729454152270433
MANEAL,0.1724721844352068
GDAP1L1,0.1724709064023901
LMAN2,0.172206948936044
ACSS3,0.1720566273853901
OR1M1,0.1716945162347213
VPS18,0.1716622996597053
FOXA1,0.1713962705328091
SPHKAP,0.1707626075986559
GTF2A1,0.1707376717739558
EIF3B,0.1702696291498713
CAMSAP2,0.1701559106331616
PAN2,0.1699138122260731
CCR7,0.1696836079118563
THAP5,0.1695762934697273
STARD3,0.1676338080196208
MYRF,0.1671560016473199
ATAD1,0.16656417923235
NPIPA3,0.16656417923235
CNNM1,0.16656417923235
B3GAT2,0.1664863102904994
KLHDC8B,0.1663164322142644
AP4B1,0.166171638342528
ZIC1,0.1660249060813245
PSMG3,0.1660157965211023
TMEM184A,0.1660157965211023
ICAM2,0.1659703586406197
PPIAL4C,0.165892404783692
CHUK,0.1656852450192223
YTHDC1,0.1655699766718321
UNC13D,0.1654931916612507
WDR97,0.1647281080171464
BLOC1S2,0.1646550497945091
PTK7,0.1644069586064837
TGIF1,0.1643428242504229
TNXB,0.1641197827390014
BRD10,0.1640918983515048
TACC2,0.1640558278163098
KLB,0.1636030068275961
TDRD10,0.1635353596038467
ENSG00000293642,0.1635230928724981
HNRNPK,0.1632116054311839
PRR11,0.1629187923162504
MRPL22,0.1629012703909195
RASA1,0.1629012703909195
MGAT4C,0.1629012703909195
PLEKHA5,0.1629012703909195
CHD1,0.1629012703909195
C16orf89,0.1629012703909195
LRRIQ1,0.1629012703909195
ULK4,0.1629012703909195
CYRIA,0.1629012703909195
PLSCR2,0.1629012703909195
ENTPD3,0.1629012703909195
HMMR,0.1629012703909195
TYW1,0.1629012703909195
GNAI1,0.1629012703909195
OLA1,0.1629012703909195
SYNE1,0.1629012703909195
KIAA0586,0.1629012703909195
PRR14,0.1627973906683715
MPP7,0.1627607933093205
BARD1,0.1625604783128141
IL3,0.1622092982296389
SUGCT,0.1621887098573084
SPATA17,0.1621887098573084
TMEM217,0.1619931462263524
TMEM217B,0.1619931462263524
CARS2,0.1618949207790345
EAF2,0.161874314305523
BCL2L12,0.1613334621606508
DOT1L,0.1611937758159737
DNMT1,0.1602868258422669
FBXL22,0.1592039037333693
C3,0.1591566686825068
KMT5A,0.158990188127167
TAF6,0.1589482941303403
CFAP36,0.1581647420275208
CEACAM19,0.1580001009988418
DDX60L,0.1577906629656276
THAP12,0.1568878547256192
LILRB2,0.1568450716852744
H3-3B,0.1568407284300066
MXD3,0.1567297650105306
CEP97,0.1563210497859863
HRH1,0.1562928614776555
C1orf115,0.1559763206577992
TMA16,0.1558533093718781
ADSS1,0.154902736758016
PKN3,0.1545919930779188
EED,0.1545368153583835
ARMS2,0.1544894834305607
CXCR1,0.1543679144768636
HSD17B4,0.1542670360724168
DAB2,0.1539280167675698
ADAMTSL4,0.1538238998073132
RNF123,0.1537931043800011
LCE3C,0.1537893026212915
CLCN6,0.1536577735990618
AMT,0.1533124633444632
PSMD14,0.1531613427657539
WARS1,0.1519826994029052
OR2F1,0.1519826994029052
IPO13,0.1519826994029052
SAPCD1,0.1519826994029052
HSPA1B,0.1519826994029052
TRIM31,0.1519826994029052
LINC01562,0.1519826994029052
SIRPB1,0.1518389827499376
KNDC1,0.1517938903522893
GJA10,0.1512555273067867
SH2D4B,0.150600139267693
ZNF365,0.1505275453052589
ZIC2,0.1504738793201037
NPTXR,0.1501051231235353
DCAF1,0.14943787725534
HMCN2,0.1490830774875945
KLRC2,0.149006598530206
PTK6,0.1490010004944186
UHRF2,0.1487634726371155
KCP,0.1486977968577855
FBLL1,0.1485273988839794
SHISA9,0.1485273988839794
UCHL3,0.1485273988839794
ABRA,0.1485273988839794
COMMD6,0.1485273988839794
FHAD1,0.1485273988839794
ZNF277,0.1485273988839794
PXDNL,0.1484067234918583
CRTAP,0.1480139193329343
SLC29A2,0.1472921097559127
ICA1,0.1465479941540306
TCTA,0.1463501246198142
EDN1,0.1463117622441408
MKRN2,0.1458293559709653
CCDC196,0.1456658010143977
HSPB9,0.1455786601105218
TENM2,0.1453523450751055
FHOD3,0.1453523450751055
STAB2,0.1447073685869446
RBM46,0.1446226573431595
ACTR1A,0.1445551472304106
SEMA4D,0.144170805649872
PRMT8,0.1438258317916727
PADI6,0.14354901185863
SETD9,0.1434663932903769
SCLY,0.1432472622178812
RLN1,0.1426635370468413
HLA-A,0.1424208197315239
ALG2,0.1424156595806928
COQ8B,0.1422395733789112
CDC37,0.1422293900347278
SLC15A3,0.1421092387327805
ZBTB1,0.1420229756221373
PTPRG,0.1415747033946129
GLCCI1,0.1415747033946129
GNL3,0.1415572798434523
C5orf47,0.1413947899888432
RPAP2,0.141348768632477
SLC35B2,0.1412203240758621
PHKG2,0.1411930213025531
ICAM1,0.1410208031335464
MCRIP1,0.1408181235119455
FHL5,0.1407894929505098
GPR137,0.1407055433317749
C1GALT1C1,0.140588749233783
CARMIL2,0.1404822533781892
ANKRD49,0.1404210901089833
FPGT,0.1403476174860372
NPIPB13,0.1399209984712795
SPRY1,0.1398921085396239
ING5,0.1397323080459062
NPPA,0.1395384856762065
CCN1,0.1390025444149117
APCDD1,0.1388094556390246
ENTR1,0.1385807870301398
CISD2,0.1383958450127842
GOLGA7B,0.1383712187664963
MLX,0.1382252972884549
PINX1,0.1381918394991727
SHE,0.1380405987405983
ISYNA1,0.1377002497450839
OTUD6A,0.1375734930379193
MIPOL1,0.1375734930379193
SURF4,0.1372464482088141
CASTOR1,0.13700782991864
PWP2,0.1369757632990071
THAP10,0.1366299592163073
PTRHD1,0.1363967128112588
KRT28,0.1361704927629082
RPL31,0.1360715834633527
URAD,0.1358914151268779
ZBTB7C,0.135859688500025
EDA,0.135306401153034
ISM1,0.135230422150194
GALT,0.1351096807062384
CLEC7A,0.1349949539869271
NXPE4,0.1345791963994149
SLC29A4,0.1344708496433087
CRHR1,0.1343820181243793
CES3,0.1343156362346872
THAP6,0.1341503814203014
TNFRSF4,0.1341153747887098
PLEK,0.1340131857180747
APBB1IP,0.1337354299934299
NSD1,0.133357302323188
RASSF10,0.1330426787255328
NPC1,0.1330197206067914
LRIG3,0.1329291150774117
BPIFB2,0.1328695076701677
ARL4A,0.1327825283377661
CDH11,0.1325214103135597
STRN4,0.132302320278834
TLCD5,0.1319220375652994
INPP5E,0.1318868128108838
SCO2,0.1318748192052871
UNK,0.1318473546285429
NUSAP1,0.1317289451751962
STRIT1,0.1314742594003383
COL6A1,0.1314742594003383
PHF20L1,0.1308730180520164
UGT1A9,0.1308716481456844
CD37,0.1301153184214472
XPO1,0.1298305210223831
CENPP,0.1297080963510768
ITIH5,0.1294418565464424
ADGRD2,0.1292055424842944
ATP5MK,0.1292042563762019
SLC22A24,0.1291418998792237
CORO2A,0.1289945096090651
TEX29,0.1287733607532606
CARD6,0.1287249937745077
HIVEP3,0.1284415840863237
PLAC8,0.1281749332871363
TBKBP1,0.1276900207503472
FSD1,0.1275551818751726
PRKN,0.1268109363263093
YARS2,0.1267621366778508
UQCR10,0.1266065336854721
GADD45A,0.126132576904483
EIF2B4,0.1259145983785384
POGLUT1,0.1255411936335691
CRAT,0.1254874264811045
RFLNA,0.1251993613714576
B3GALNT2,0.125122956228887
PHKB,0.1247646966722071
FOSL1,0.1247496454326104
PLEKHH3,0.1246492461286205
VWC2L,0.1242029449150937
TM9SF4,0.1239174114259859
CNN2,0.1237349643219677
RPL10A,0.1235263257757772
SSBP4,0.1233880368377343
IL15RA,0.1231647626897399
VSTM2A,0.1231269624695315
TMEM233,0.1226130315394558
MTFR1,0.1223724116331735
MICU3,0.122295530497174
CCDC34,0.122007662330516
SUFU,0.1218589480855019
KLK1,0.1217403418180609
SHROOM2,0.12157461599113
ENDOD1,0.1214839132800261
CSDC2,0.1214475985937706
TMEM131L,0.1214297293277043
INTS15,0.1213229179921518
DIAPH1,0.1211934472396272
ARL5B,0.1211249139563305
SLC26A11,0.1210841787864147
ALDH5A1,0.1209391436512526
INPP5D,0.1206422006414402
RAC1,0.1197314561598057
TMEM213,0.1195013720922095
TM6SF2,0.1189989483931384
HTD2,0.1189022854268111
PBRM1,0.1188579893970219
SPAST,0.1188401212866562
COL4A3,0.1187220116118781
RGS20,0.1179808232397595
RAD54L2,0.1178351445595982
MUSTN1,0.117772490642808
PSMD3,0.1176166407993118
CRACR2A,0.1174484603243604
STMN3,0.1174011612669845
OR9K2,0.1170923084871599
SCAP,0.1169571001771875
ADGRG5,0.1168274536271532
TRIM47,0.116761602207696
IDE,0.1166325705187995
TMEM200B,0.1166223379356929
TSEN2,0.1164032703024342
GRAP2,0.1163532287023449
SMIM15,0.1156334881583996
CRYBB3,0.1156334881583996
FAAP20,0.1155694214518335
LLPH,0.1155249337256028
ALAS1,0.1151919901410733
PEX3,0.1149040422632962
XPA,0.1148981812488341
GATD3,0.1148565671552058
UGT1A8,0.1147069957714499
HIP1,0.1144325135569518
STIM1,0.1143581335790614
DEFB136,0.1140204209171072
GPR146,0.1140037961744728
MOGAT2,0.1138991000555768
GNL2,0.1138609733222537
C1orf54,0.1135350906152443
PKIG,0.1132543110282801
CLDN34,0.1131490540756995
VPS37A,0.1129733644879573
DOP1A,0.1128097718501531
EVC,0.1128097718501531
UMOD,0.1127174314690178
CSAD,0.1126682183413067
LTBP1,0.1126268038064826
LIPK,0.1125437691985721
LIPN,0.1125437691985721
ZNF407,0.1120657531100075
ARHGEF16,0.1120657531100075
HYAL1,0.1120256906857692
ATP6V0A1,0.1118905336493453
L3MBTL4,0.1117879886371829
MME,0.1116891412188726
ANKRD52,0.1114098031744401
CAST,0.1113563049502129
MTCL1,0.1113520549684294
C21orf140,0.1112252340015809
DTHD1,0.1109717644782583
LCE3D,0.1109381649076749
RAD17,0.1109244219520025
SPIRE1,0.1105936052795582
TAOK2,0.1105270151255987
DBNDD1,0.1104414662173685
SLC66A2,0.1098594247081235
SPTLC3,0.109854700045432
PGM2,0.1094757349820504
MAP2K5,0.1093739345813722
ATG7,0.1092737390407279
CCNA2,0.109231035985272
KLK13,0.1092033990120703
GREM1,0.1091088568104706
ZNF740,0.1090029775060557
ZNF737,0.1088968351138056
LGALS9,0.1088319891000707
CBY2,0.1088193416497275
ENSG00000286131,0.1088141971354383
EIF3E,0.1087651256265833
SEC24C,0.1087540114655235
PHOX2B,0.1086406456422343
TRMT112,0.1081383771750755
OR10A7,0.1080205675939814
NPIPA2,0.107912376248022
NAA10,0.1079069160672939
EIF3C,0.1078327214601562
CEP57L1,0.1078118298308194
RLN2,0.1078000011001684
RPP14,0.1075480165313915
TRIM13,0.1074319614984844
WNT7B,0.1069220088905917
GLCE,0.1068486568311311
ZIK1,0.1065977280307105
DUSP1,0.1063548408186483
FAM133B,0.1063390104575291
CWF19L1,0.1062441260466456
TFF1,0.1060094577328271
OR6C1,0.1059916431982276
RTEL1-TNFRSF6B,0.105946295932153
LTF,0.1058967869799215
IMPDH1,0.1058078776725748
LRRC56,0.1057674645255247
SYNPR,0.1056852104001922
COMMD7,0.1056143777987878
PIGH,0.1055903375982782
CEACAM20,0.1053577963049677
C4orf36,0.1053282756585294
FBRS,0.1051050353688821
KLK15,0.1050276296180297
NECTIN2,0.1050040345836991
SERBP1,0.1049851013981809
GDI2,0.1048112553495444
CCT4,0.1046798226196182
POFUT1,0.104525686995625
MRPL10,0.104416889582697
PSMG2,0.1043439202737317
UBL3,0.1040814253792457
ARHGAP31,0.1040688670575097
SLC9B1,0.1039719858906399
KLRC1,0.1037854844977484
CLEC18B,0.1036067216662836
RPL37A,0.1036067216662836
ZCRB1,0.1036067216662836
DSG3,0.1036067216662836
STN1,0.1031397710943275
SPRY4,0.1030031496785495
SLC25A19,0.1029362177011186
TRIM65,0.1028124243436479
ADGRB3,0.102732068683137
METTL1,0.102665376032148
ASB13,0.1023608245059106
SFMBT2,0.1023608245059106
EEF1AKMT3,0.1023427230081028
KIAA1671,0.1022587918983461
SBNO1,0.1022546300636781
TSPAN31,0.1022452575113807
TMA7B,0.1022399652897742
OR6C3,0.1019170659193914
LAX1,0.1014844911069398
BCAM,0.1013764696150545
NEO1,0.1010122540612285
FNDC4,0.100983156019537
CEP76,0.1009152369978669
PTGES3,0.1008705149838391
CACNB2,0.1007145404330256
RSRC1,0.1007145404330256
RAB39B,0.1005681812238545
GRM2,0.1005657997322001
SIAH3,0.1004979519971046
BTBD16,0.1003363236926795
MYO9A,0.1001406341977179
NR2E3,0.1001406341977179
TARS2,0.1000665039754203
